method_name,modality,is_same_person_pred,verification_confidence,ground_truth,is_correct,num_matches,num_inliers,inlier_ratio,reprojection_error,homography_confidence,matcher_params,metadata,timestamp
LoFTR_indoor,iris,True,0.8051420838971584,True,True,2217,1785,0.8051420838971584,1.9644856259295553,0.8051420838971584,"{'model_type': 'indoor', 'confidence_threshold': 0.9, 'ratio_threshold': 0.45}","{'model_type': 'indoor', 'confidence_threshold': 0.9, 'ratio_threshold': 0.45, 'pair_id': 'MMU-Iris_genuine_0', 'identity1': '6', 'identity2': '6', 'dataset_name': 'MMU-Iris'}",1772025551.6512706
LoFTR_indoor,iris,True,0.5404780262143408,True,True,2594,1402,0.5404780262143408,1.6973422864410035,0.5404780262143408,"{'model_type': 'indoor', 'confidence_threshold': 0.9, 'ratio_threshold': 0.45}","{'model_type': 'indoor', 'confidence_threshold': 0.9, 'ratio_threshold': 0.45, 'pair_id': 'MMU-Iris_genuine_1', 'identity1': '9', 'identity2': '9', 'dataset_name': 'MMU-Iris'}",1772025552.0970578
LoFTR_indoor,iris,True,0.7061594202898551,True,True,2760,1949,0.7061594202898551,1.876290746806255,0.7061594202898551,"{'model_type': 'indoor', 'confidence_threshold': 0.9, 'ratio_threshold': 0.45}","{'model_type': 'indoor', 'confidence_threshold': 0.9, 'ratio_threshold': 0.45, 'pair_id': 'MMU-Iris_genuine_2', 'identity1': '8', 'identity2': '8', 'dataset_name': 'MMU-Iris'}",1772025552.541564
LoFTR_indoor,iris,True,0.879590395480226,True,True,2832,2491,0.879590395480226,1.6728722093157635,0.879590395480226,"{'model_type': 'indoor', 'confidence_threshold': 0.9, 'ratio_threshold': 0.45}","{'model_type': 'indoor', 'confidence_threshold': 0.9, 'ratio_threshold': 0.45, 'pair_id': 'MMU-Iris_genuine_3', 'identity1': '35', 'identity2': '35', 'dataset_name': 'MMU-Iris'}",1772025552.9873724
LoFTR_indoor,iris,False,0.3281086729362591,True,False,1914,628,0.3281086729362591,2.094369804874964,0.3281086729362591,"{'model_type': 'indoor', 'confidence_threshold': 0.9, 'ratio_threshold': 0.45}","{'model_type': 'indoor', 'confidence_threshold': 0.9, 'ratio_threshold': 0.45, 'pair_id': 'MMU-Iris_genuine_4', 'identity1': '14', 'identity2': '14', 'dataset_name': 'MMU-Iris'}",1772025553.401266
LoFTR_indoor,iris,True,0.5026328386787937,True,True,2089,1050,0.5026328386787937,2.4371529249971378,0.5026328386787937,"{'model_type': 'indoor', 'confidence_threshold': 0.9, 'ratio_threshold': 0.45}","{'model_type': 'indoor', 'confidence_threshold': 0.9, 'ratio_threshold': 0.45, 'pair_id': 'MMU-Iris_genuine_5', 'identity1': '11', 'identity2': '11', 'dataset_name': 'MMU-Iris'}",1772025553.8151817
LoFTR_indoor,iris,True,0.5920424403183023,True,True,1885,1116,0.5920424403183023,2.465647351908562,0.5920424403183023,"{'model_type': 'indoor', 'confidence_threshold': 0.9, 'ratio_threshold': 0.45}","{'model_type': 'indoor', 'confidence_threshold': 0.9, 'ratio_threshold': 0.45, 'pair_id': 'MMU-Iris_genuine_6', 'identity1': '40', 'identity2': '40', 'dataset_name': 'MMU-Iris'}",1772025554.2141154
LoFTR_indoor,iris,False,0.40698151950718686,True,False,2435,991,0.40698151950718686,2.57246309435808,0.40698151950718686,"{'model_type': 'indoor', 'confidence_threshold': 0.9, 'ratio_threshold': 0.45}","{'model_type': 'indoor', 'confidence_threshold': 0.9, 'ratio_threshold': 0.45, 'pair_id': 'MMU-Iris_genuine_7', 'identity1': '34', 'identity2': '34', 'dataset_name': 'MMU-Iris'}",1772025554.650955
LoFTR_indoor,iris,True,0.6124237804878049,True,True,2624,1607,0.6124237804878049,2.1631045069021413,0.6124237804878049,"{'model_type': 'indoor', 'confidence_threshold': 0.9, 'ratio_threshold': 0.45}","{'model_type': 'indoor', 'confidence_threshold': 0.9, 'ratio_threshold': 0.45, 'pair_id': 'MMU-Iris_genuine_8', 'identity1': '7', 'identity2': '7', 'dataset_name': 'MMU-Iris'}",1772025555.088757
LoFTR_indoor,iris,True,0.7385392385392385,True,True,2574,1901,0.7385392385392385,1.7921253741704686,0.7385392385392385,"{'model_type': 'indoor', 'confidence_threshold': 0.9, 'ratio_threshold': 0.45}","{'model_type': 'indoor', 'confidence_threshold': 0.9, 'ratio_threshold': 0.45, 'pair_id': 'MMU-Iris_genuine_9', 'identity1': '1', 'identity2': '1', 'dataset_name': 'MMU-Iris'}",1772025555.5335894
LoFTR_indoor,iris,True,0.9089239809034153,True,True,2723,2475,0.9089239809034153,1.5662622577350156,0.9089239809034153,"{'model_type': 'indoor', 'confidence_threshold': 0.9, 'ratio_threshold': 0.45}","{'model_type': 'indoor', 'confidence_threshold': 0.9, 'ratio_threshold': 0.45, 'pair_id': 'MMU-Iris_genuine_10', 'identity1': '13', 'identity2': '13', 'dataset_name': 'MMU-Iris'}",1772025555.9754093
LoFTR_indoor,iris,False,0.43283582089552236,True,False,2345,1015,0.43283582089552236,2.560798750239086,0.43283582089552236,"{'model_type': 'indoor', 'confidence_threshold': 0.9, 'ratio_threshold': 0.45}","{'model_type': 'indoor', 'confidence_threshold': 0.9, 'ratio_threshold': 0.45, 'pair_id': 'MMU-Iris_genuine_11', 'identity1': '45', 'identity2': '45', 'dataset_name': 'MMU-Iris'}",1772025556.4072332
LoFTR_indoor,iris,True,0.5430958663148637,True,True,2274,1235,0.5430958663148637,1.947711722415872,0.5430958663148637,"{'model_type': 'indoor', 'confidence_threshold': 0.9, 'ratio_threshold': 0.45}","{'model_type': 'indoor', 'confidence_threshold': 0.9, 'ratio_threshold': 0.45, 'pair_id': 'MMU-Iris_genuine_12', 'identity1': '20', 'identity2': '20', 'dataset_name': 'MMU-Iris'}",1772025556.83509
LoFTR_indoor,iris,True,0.5702222222222222,True,True,2250,1283,0.5702222222222222,2.6321055081009455,0.5702222222222222,"{'model_type': 'indoor', 'confidence_threshold': 0.9, 'ratio_threshold': 0.45}","{'model_type': 'indoor', 'confidence_threshold': 0.9, 'ratio_threshold': 0.45, 'pair_id': 'MMU-Iris_genuine_13', 'identity1': '17', 'identity2': '17', 'dataset_name': 'MMU-Iris'}",1772025557.2506154
LoFTR_indoor,iris,False,0.35514461830251304,True,False,2109,749,0.35514461830251304,2.4661593580369634,0.35514461830251304,"{'model_type': 'indoor', 'confidence_threshold': 0.9, 'ratio_threshold': 0.45}","{'model_type': 'indoor', 'confidence_threshold': 0.9, 'ratio_threshold': 0.45, 'pair_id': 'MMU-Iris_genuine_14', 'identity1': '28', 'identity2': '28', 'dataset_name': 'MMU-Iris'}",1772025558.284882
LoFTR_indoor,iris,True,0.9493934142114385,True,True,2885,2739,0.9493934142114385,1.636951800084927,0.9493934142114385,"{'model_type': 'indoor', 'confidence_threshold': 0.9, 'ratio_threshold': 0.45}","{'model_type': 'indoor', 'confidence_threshold': 0.9, 'ratio_threshold': 0.45, 'pair_id': 'MMU-Iris_genuine_15', 'identity1': '31', 'identity2': '31', 'dataset_name': 'MMU-Iris'}",1772025559.7060537
LoFTR_indoor,iris,True,0.5969283276450512,True,True,2930,1749,0.5969283276450512,1.7371903122873416,0.5969283276450512,"{'model_type': 'indoor', 'confidence_threshold': 0.9, 'ratio_threshold': 0.45}","{'model_type': 'indoor', 'confidence_threshold': 0.9, 'ratio_threshold': 0.45, 'pair_id': 'MMU-Iris_genuine_16', 'identity1': '31', 'identity2': '31', 'dataset_name': 'MMU-Iris'}",1772025561.139245
LoFTR_indoor,iris,True,0.518263266712612,True,True,2902,1504,0.518263266712612,2.4763227060977826,0.518263266712612,"{'model_type': 'indoor', 'confidence_threshold': 0.9, 'ratio_threshold': 0.45}","{'model_type': 'indoor', 'confidence_threshold': 0.9, 'ratio_threshold': 0.45, 'pair_id': 'MMU-Iris_genuine_17', 'identity1': '19', 'identity2': '19', 'dataset_name': 'MMU-Iris'}",1772025562.55145
LoFTR_indoor,iris,False,0.3541666666666667,True,False,2016,714,0.3541666666666667,2.3209300360084844,0.3541666666666667,"{'model_type': 'indoor', 'confidence_threshold': 0.9, 'ratio_threshold': 0.45}","{'model_type': 'indoor', 'confidence_threshold': 0.9, 'ratio_threshold': 0.45, 'pair_id': 'MMU-Iris_genuine_18', 'identity1': '28', 'identity2': '28', 'dataset_name': 'MMU-Iris'}",1772025563.8599286
LoFTR_indoor,iris,False,0.4397482014388489,True,False,2224,978,0.4397482014388489,2.3995942697583788,0.4397482014388489,"{'model_type': 'indoor', 'confidence_threshold': 0.9, 'ratio_threshold': 0.45}","{'model_type': 'indoor', 'confidence_threshold': 0.9, 'ratio_threshold': 0.45, 'pair_id': 'MMU-Iris_genuine_19', 'identity1': '12', 'identity2': '12', 'dataset_name': 'MMU-Iris'}",1772025565.1842048
LoFTR_indoor,iris,True,0.502854177477945,True,True,1927,969,0.502854177477945,2.2515410205688013,0.502854177477945,"{'model_type': 'indoor', 'confidence_threshold': 0.9, 'ratio_threshold': 0.45}","{'model_type': 'indoor', 'confidence_threshold': 0.9, 'ratio_threshold': 0.45, 'pair_id': 'MMU-Iris_genuine_20', 'identity1': '7', 'identity2': '7', 'dataset_name': 'MMU-Iris'}",1772025566.4509299
LoFTR_indoor,iris,False,0.27176220806794055,True,False,1884,512,0.27176220806794055,1.883831671334756,0.27176220806794055,"{'model_type': 'indoor', 'confidence_threshold': 0.9, 'ratio_threshold': 0.45}","{'model_type': 'indoor', 'confidence_threshold': 0.9, 'ratio_threshold': 0.45, 'pair_id': 'MMU-Iris_genuine_21', 'identity1': '27', 'identity2': '27', 'dataset_name': 'MMU-Iris'}",1772025567.790585
LoFTR_indoor,iris,False,0.3353889943074004,True,False,2108,707,0.3353889943074004,2.329278199010958,0.3353889943074004,"{'model_type': 'indoor', 'confidence_threshold': 0.9, 'ratio_threshold': 0.45}","{'model_type': 'indoor', 'confidence_threshold': 0.9, 'ratio_threshold': 0.45, 'pair_id': 'MMU-Iris_genuine_22', 'identity1': '1', 'identity2': '1', 'dataset_name': 'MMU-Iris'}",1772025569.1517034
LoFTR_indoor,iris,True,0.6243752402921953,True,True,2601,1624,0.6243752402921953,2.1831465068271343,0.6243752402921953,"{'model_type': 'indoor', 'confidence_threshold': 0.9, 'ratio_threshold': 0.45}","{'model_type': 'indoor', 'confidence_threshold': 0.9, 'ratio_threshold': 0.45, 'pair_id': 'MMU-Iris_genuine_23', 'identity1': '27', 'identity2': '27', 'dataset_name': 'MMU-Iris'}",1772025570.5291572
LoFTR_indoor,iris,False,0.4149779735682819,True,False,2270,942,0.4149779735682819,2.8614361032900866,0.4149779735682819,"{'model_type': 'indoor', 'confidence_threshold': 0.9, 'ratio_threshold': 0.45}","{'model_type': 'indoor', 'confidence_threshold': 0.9, 'ratio_threshold': 0.45, 'pair_id': 'MMU-Iris_genuine_24', 'identity1': '21', 'identity2': '21', 'dataset_name': 'MMU-Iris'}",1772025571.8671732
LoFTR_indoor,iris,False,0.2957446808510638,True,False,940,278,0.2957446808510638,2.7416313216970645,0.2957446808510638,"{'model_type': 'indoor', 'confidence_threshold': 0.9, 'ratio_threshold': 0.45}","{'model_type': 'indoor', 'confidence_threshold': 0.9, 'ratio_threshold': 0.45, 'pair_id': 'MMU-Iris_genuine_25', 'identity1': '30', 'identity2': '30', 'dataset_name': 'MMU-Iris'}",1772025572.9981182
LoFTR_indoor,iris,True,0.662093296746374,True,True,2551,1689,0.662093296746374,1.748366835311584,0.662093296746374,"{'model_type': 'indoor', 'confidence_threshold': 0.9, 'ratio_threshold': 0.45}","{'model_type': 'indoor', 'confidence_threshold': 0.9, 'ratio_threshold': 0.45, 'pair_id': 'MMU-Iris_genuine_26', 'identity1': '22', 'identity2': '22', 'dataset_name': 'MMU-Iris'}",1772025574.4061916
LoFTR_indoor,iris,False,0.40829493087557606,True,False,2170,886,0.40829493087557606,2.3705284081036266,0.40829493087557606,"{'model_type': 'indoor', 'confidence_threshold': 0.9, 'ratio_threshold': 0.45}","{'model_type': 'indoor', 'confidence_threshold': 0.9, 'ratio_threshold': 0.45, 'pair_id': 'MMU-Iris_genuine_27', 'identity1': '29', 'identity2': '29', 'dataset_name': 'MMU-Iris'}",1772025575.7282948
LoFTR_indoor,iris,True,0.7470483005366726,True,True,2795,2088,0.7470483005366726,2.206060168177888,0.7470483005366726,"{'model_type': 'indoor', 'confidence_threshold': 0.9, 'ratio_threshold': 0.45}","{'model_type': 'indoor', 'confidence_threshold': 0.9, 'ratio_threshold': 0.45, 'pair_id': 'MMU-Iris_genuine_28', 'identity1': '42', 'identity2': '42', 'dataset_name': 'MMU-Iris'}",1772025577.1934536
LoFTR_indoor,iris,False,0.3522802379378718,True,False,1513,533,0.3522802379378718,2.5527233161029286,0.3522802379378718,"{'model_type': 'indoor', 'confidence_threshold': 0.9, 'ratio_threshold': 0.45}","{'model_type': 'indoor', 'confidence_threshold': 0.9, 'ratio_threshold': 0.45, 'pair_id': 'MMU-Iris_genuine_29', 'identity1': '44', 'identity2': '44', 'dataset_name': 'MMU-Iris'}",1772025578.584757
LoFTR_indoor,iris,False,0.31223880597014925,True,False,1675,523,0.31223880597014925,2.5508014059559456,0.31223880597014925,"{'model_type': 'indoor', 'confidence_threshold': 0.9, 'ratio_threshold': 0.45}","{'model_type': 'indoor', 'confidence_threshold': 0.9, 'ratio_threshold': 0.45, 'pair_id': 'MMU-Iris_genuine_30', 'identity1': '35', 'identity2': '35', 'dataset_name': 'MMU-Iris'}",1772025579.927228
LoFTR_indoor,iris,True,0.5212992545260916,True,True,1878,979,0.5212992545260916,2.4747083891809663,0.5212992545260916,"{'model_type': 'indoor', 'confidence_threshold': 0.9, 'ratio_threshold': 0.45}","{'model_type': 'indoor', 'confidence_threshold': 0.9, 'ratio_threshold': 0.45, 'pair_id': 'MMU-Iris_genuine_31', 'identity1': '40', 'identity2': '40', 'dataset_name': 'MMU-Iris'}",1772025581.3169408
LoFTR_indoor,iris,True,0.946384479717813,True,True,2835,2683,0.946384479717813,1.1550582550341406,0.946384479717813,"{'model_type': 'indoor', 'confidence_threshold': 0.9, 'ratio_threshold': 0.45}","{'model_type': 'indoor', 'confidence_threshold': 0.9, 'ratio_threshold': 0.45, 'pair_id': 'MMU-Iris_genuine_32', 'identity1': '43', 'identity2': '43', 'dataset_name': 'MMU-Iris'}",1772025582.753497
LoFTR_indoor,iris,True,0.5781487101669196,True,True,1977,1143,0.5781487101669196,2.280286960019223,0.5781487101669196,"{'model_type': 'indoor', 'confidence_threshold': 0.9, 'ratio_threshold': 0.45}","{'model_type': 'indoor', 'confidence_threshold': 0.9, 'ratio_threshold': 0.45, 'pair_id': 'MMU-Iris_genuine_33', 'identity1': '6', 'identity2': '6', 'dataset_name': 'MMU-Iris'}",1772025584.0530837
LoFTR_indoor,iris,True,0.5995279307631786,True,True,2542,1524,0.5995279307631786,2.15487344525168,0.5995279307631786,"{'model_type': 'indoor', 'confidence_threshold': 0.9, 'ratio_threshold': 0.45}","{'model_type': 'indoor', 'confidence_threshold': 0.9, 'ratio_threshold': 0.45, 'pair_id': 'MMU-Iris_genuine_34', 'identity1': '16', 'identity2': '16', 'dataset_name': 'MMU-Iris'}",1772025585.4361374
LoFTR_indoor,iris,False,0.3967758710348414,True,False,1923,763,0.3967758710348414,2.288373216565381,0.3967758710348414,"{'model_type': 'indoor', 'confidence_threshold': 0.9, 'ratio_threshold': 0.45}","{'model_type': 'indoor', 'confidence_threshold': 0.9, 'ratio_threshold': 0.45, 'pair_id': 'MMU-Iris_genuine_35', 'identity1': '18', 'identity2': '18', 'dataset_name': 'MMU-Iris'}",1772025586.7219126
LoFTR_indoor,iris,True,0.6227816756087495,True,True,2423,1509,0.6227816756087495,2.225800772606149,0.6227816756087495,"{'model_type': 'indoor', 'confidence_threshold': 0.9, 'ratio_threshold': 0.45}","{'model_type': 'indoor', 'confidence_threshold': 0.9, 'ratio_threshold': 0.45, 'pair_id': 'MMU-Iris_genuine_36', 'identity1': '23', 'identity2': '23', 'dataset_name': 'MMU-Iris'}",1772025588.088358
LoFTR_indoor,iris,False,0.26448362720403024,True,False,1191,315,0.26448362720403024,2.2653138355874813,0.26448362720403024,"{'model_type': 'indoor', 'confidence_threshold': 0.9, 'ratio_threshold': 0.45}","{'model_type': 'indoor', 'confidence_threshold': 0.9, 'ratio_threshold': 0.45, 'pair_id': 'MMU-Iris_genuine_37', 'identity1': '2', 'identity2': '2', 'dataset_name': 'MMU-Iris'}",1772025589.3047094
LoFTR_indoor,iris,True,0.8769554753309265,True,True,3324,2915,0.8769554753309265,1.1614807472866555,0.8769554753309265,"{'model_type': 'indoor', 'confidence_threshold': 0.9, 'ratio_threshold': 0.45}","{'model_type': 'indoor', 'confidence_threshold': 0.9, 'ratio_threshold': 0.45, 'pair_id': 'MMU-Iris_genuine_38', 'identity1': '11', 'identity2': '11', 'dataset_name': 'MMU-Iris'}",1772025590.775787
LoFTR_indoor,iris,False,0.43075801749271136,True,False,1372,591,0.43075801749271136,2.2139842847808833,0.43075801749271136,"{'model_type': 'indoor', 'confidence_threshold': 0.9, 'ratio_threshold': 0.45}","{'model_type': 'indoor', 'confidence_threshold': 0.9, 'ratio_threshold': 0.45, 'pair_id': 'MMU-Iris_genuine_39', 'identity1': '36', 'identity2': '36', 'dataset_name': 'MMU-Iris'}",1772025591.9677906
LoFTR_indoor,iris,True,0.7891854893908282,True,True,2922,2306,0.7891854893908282,2.1313023590904523,0.7891854893908282,"{'model_type': 'indoor', 'confidence_threshold': 0.9, 'ratio_threshold': 0.45}","{'model_type': 'indoor', 'confidence_threshold': 0.9, 'ratio_threshold': 0.45, 'pair_id': 'MMU-Iris_genuine_40', 'identity1': '8', 'identity2': '8', 'dataset_name': 'MMU-Iris'}",1772025593.3998082
LoFTR_indoor,iris,True,0.4836772983114446,True,True,2665,1289,0.4836772983114446,2.330562758897708,0.4836772983114446,"{'model_type': 'indoor', 'confidence_threshold': 0.9, 'ratio_threshold': 0.45}","{'model_type': 'indoor', 'confidence_threshold': 0.9, 'ratio_threshold': 0.45, 'pair_id': 'MMU-Iris_genuine_41', 'identity1': '6', 'identity2': '6', 'dataset_name': 'MMU-Iris'}",1772025594.9436486
LoFTR_indoor,iris,True,0.6152989231340512,True,True,2693,1657,0.6152989231340512,1.9645377046849655,0.6152989231340512,"{'model_type': 'indoor', 'confidence_threshold': 0.9, 'ratio_threshold': 0.45}","{'model_type': 'indoor', 'confidence_threshold': 0.9, 'ratio_threshold': 0.45, 'pair_id': 'MMU-Iris_genuine_42', 'identity1': '24', 'identity2': '24', 'dataset_name': 'MMU-Iris'}",1772025596.4547837
LoFTR_indoor,iris,False,0.38306451612903225,True,False,1488,570,0.38306451612903225,2.2412188348075723,0.38306451612903225,"{'model_type': 'indoor', 'confidence_threshold': 0.9, 'ratio_threshold': 0.45}","{'model_type': 'indoor', 'confidence_threshold': 0.9, 'ratio_threshold': 0.45, 'pair_id': 'MMU-Iris_genuine_43', 'identity1': '44', 'identity2': '44', 'dataset_name': 'MMU-Iris'}",1772025597.6949773
LoFTR_indoor,iris,False,0.35766423357664234,True,False,2329,833,0.35766423357664234,2.1680382928700674,0.35766423357664234,"{'model_type': 'indoor', 'confidence_threshold': 0.9, 'ratio_threshold': 0.45}","{'model_type': 'indoor', 'confidence_threshold': 0.9, 'ratio_threshold': 0.45, 'pair_id': 'MMU-Iris_genuine_44', 'identity1': '9', 'identity2': '9', 'dataset_name': 'MMU-Iris'}",1772025599.0553834
LoFTR_indoor,iris,False,0.41720683559222155,True,False,1697,708,0.41720683559222155,2.4659214691136695,0.41720683559222155,"{'model_type': 'indoor', 'confidence_threshold': 0.9, 'ratio_threshold': 0.45}","{'model_type': 'indoor', 'confidence_threshold': 0.9, 'ratio_threshold': 0.45, 'pair_id': 'MMU-Iris_genuine_45', 'identity1': '36', 'identity2': '36', 'dataset_name': 'MMU-Iris'}",1772025600.288217
LoFTR_indoor,iris,True,0.872,True,True,2750,2398,0.872,1.9590163556602835,0.872,"{'model_type': 'indoor', 'confidence_threshold': 0.9, 'ratio_threshold': 0.45}","{'model_type': 'indoor', 'confidence_threshold': 0.9, 'ratio_threshold': 0.45, 'pair_id': 'MMU-Iris_genuine_46', 'identity1': '31', 'identity2': '31', 'dataset_name': 'MMU-Iris'}",1772025601.7146163
LoFTR_indoor,iris,True,0.5335314091680815,True,True,2356,1257,0.5335314091680815,1.5600403396754274,0.5335314091680815,"{'model_type': 'indoor', 'confidence_threshold': 0.9, 'ratio_threshold': 0.45}","{'model_type': 'indoor', 'confidence_threshold': 0.9, 'ratio_threshold': 0.45, 'pair_id': 'MMU-Iris_genuine_47', 'identity1': '32', 'identity2': '32', 'dataset_name': 'MMU-Iris'}",1772025603.06642
LoFTR_indoor,iris,True,0.6409707351891506,True,True,2802,1796,0.6409707351891506,2.351021300027597,0.6409707351891506,"{'model_type': 'indoor', 'confidence_threshold': 0.9, 'ratio_threshold': 0.45}","{'model_type': 'indoor', 'confidence_threshold': 0.9, 'ratio_threshold': 0.45, 'pair_id': 'MMU-Iris_genuine_48', 'identity1': '34', 'identity2': '34', 'dataset_name': 'MMU-Iris'}",1772025604.4775426
LoFTR_indoor,iris,True,0.7726107652874405,True,True,2731,2110,0.7726107652874405,1.8785654701232262,0.7726107652874405,"{'model_type': 'indoor', 'confidence_threshold': 0.9, 'ratio_threshold': 0.45}","{'model_type': 'indoor', 'confidence_threshold': 0.9, 'ratio_threshold': 0.45, 'pair_id': 'MMU-Iris_genuine_49', 'identity1': '17', 'identity2': '17', 'dataset_name': 'MMU-Iris'}",1772025605.8929565
LoFTR_indoor,iris,True,0.828030954428203,True,True,2326,1926,0.828030954428203,1.5425912254712681,0.828030954428203,"{'model_type': 'indoor', 'confidence_threshold': 0.9, 'ratio_threshold': 0.45}","{'model_type': 'indoor', 'confidence_threshold': 0.9, 'ratio_threshold': 0.45, 'pair_id': 'MMU-Iris_genuine_50', 'identity1': '43', 'identity2': '43', 'dataset_name': 'MMU-Iris'}",1772025607.2483563
LoFTR_indoor,iris,True,0.8838251774374299,True,True,2677,2366,0.8838251774374299,1.6845118232865235,0.8838251774374299,"{'model_type': 'indoor', 'confidence_threshold': 0.9, 'ratio_threshold': 0.45}","{'model_type': 'indoor', 'confidence_threshold': 0.9, 'ratio_threshold': 0.45, 'pair_id': 'MMU-Iris_genuine_51', 'identity1': '33', 'identity2': '33', 'dataset_name': 'MMU-Iris'}",1772025608.6387773
LoFTR_indoor,iris,True,0.8727954971857411,True,True,2665,2326,0.8727954971857411,1.1913862880690376,0.8727954971857411,"{'model_type': 'indoor', 'confidence_threshold': 0.9, 'ratio_threshold': 0.45}","{'model_type': 'indoor', 'confidence_threshold': 0.9, 'ratio_threshold': 0.45, 'pair_id': 'MMU-Iris_genuine_52', 'identity1': '13', 'identity2': '13', 'dataset_name': 'MMU-Iris'}",1772025610.045667
LoFTR_indoor,iris,True,0.7673586256263422,True,True,2794,2144,0.7673586256263422,1.7419669232956023,0.7673586256263422,"{'model_type': 'indoor', 'confidence_threshold': 0.9, 'ratio_threshold': 0.45}","{'model_type': 'indoor', 'confidence_threshold': 0.9, 'ratio_threshold': 0.45, 'pair_id': 'MMU-Iris_genuine_53', 'identity1': '18', 'identity2': '18', 'dataset_name': 'MMU-Iris'}",1772025611.453016
LoFTR_indoor,iris,True,0.9384463462804477,True,True,3038,2851,0.9384463462804477,1.2927228693931154,0.9384463462804477,"{'model_type': 'indoor', 'confidence_threshold': 0.9, 'ratio_threshold': 0.45}","{'model_type': 'indoor', 'confidence_threshold': 0.9, 'ratio_threshold': 0.45, 'pair_id': 'MMU-Iris_genuine_54', 'identity1': '12', 'identity2': '12', 'dataset_name': 'MMU-Iris'}",1772025612.9027286
LoFTR_indoor,iris,True,0.6977067407922168,True,True,2878,2008,0.6977067407922168,1.6111674762581452,0.6977067407922168,"{'model_type': 'indoor', 'confidence_threshold': 0.9, 'ratio_threshold': 0.45}","{'model_type': 'indoor', 'confidence_threshold': 0.9, 'ratio_threshold': 0.45, 'pair_id': 'MMU-Iris_genuine_55', 'identity1': '37', 'identity2': '37', 'dataset_name': 'MMU-Iris'}",1772025614.327717
LoFTR_indoor,iris,False,0.44467816575515356,True,False,2377,1057,0.44467816575515356,2.3365119415560205,0.44467816575515356,"{'model_type': 'indoor', 'confidence_threshold': 0.9, 'ratio_threshold': 0.45}","{'model_type': 'indoor', 'confidence_threshold': 0.9, 'ratio_threshold': 0.45, 'pair_id': 'MMU-Iris_genuine_56', 'identity1': '41', 'identity2': '41', 'dataset_name': 'MMU-Iris'}",1772025615.6959958
LoFTR_indoor,iris,True,0.9565670604586518,True,True,2878,2753,0.9565670604586518,1.2661012993546068,0.9565670604586518,"{'model_type': 'indoor', 'confidence_threshold': 0.9, 'ratio_threshold': 0.45}","{'model_type': 'indoor', 'confidence_threshold': 0.9, 'ratio_threshold': 0.45, 'pair_id': 'MMU-Iris_genuine_57', 'identity1': '7', 'identity2': '7', 'dataset_name': 'MMU-Iris'}",1772025617.1010492
LoFTR_indoor,iris,False,0.33039875712066286,True,False,1931,638,0.33039875712066286,2.371547058911058,0.33039875712066286,"{'model_type': 'indoor', 'confidence_threshold': 0.9, 'ratio_threshold': 0.45}","{'model_type': 'indoor', 'confidence_threshold': 0.9, 'ratio_threshold': 0.45, 'pair_id': 'MMU-Iris_genuine_58', 'identity1': '28', 'identity2': '28', 'dataset_name': 'MMU-Iris'}",1772025618.3933918
LoFTR_indoor,iris,False,0.38768115942028986,True,False,1380,535,0.38768115942028986,2.3510227945621898,0.38768115942028986,"{'model_type': 'indoor', 'confidence_threshold': 0.9, 'ratio_threshold': 0.45}","{'model_type': 'indoor', 'confidence_threshold': 0.9, 'ratio_threshold': 0.45, 'pair_id': 'MMU-Iris_genuine_59', 'identity1': '15', 'identity2': '15', 'dataset_name': 'MMU-Iris'}",1772025619.5880413
LoFTR_indoor,iris,True,0.5123323236694072,True,True,2311,1184,0.5123323236694072,2.0652002946127253,0.5123323236694072,"{'model_type': 'indoor', 'confidence_threshold': 0.9, 'ratio_threshold': 0.45}","{'model_type': 'indoor', 'confidence_threshold': 0.9, 'ratio_threshold': 0.45, 'pair_id': 'MMU-Iris_genuine_60', 'identity1': '36', 'identity2': '36', 'dataset_name': 'MMU-Iris'}",1772025620.9375484
LoFTR_indoor,iris,True,0.6710418375717802,True,True,2438,1636,0.6710418375717802,2.0121843636457726,0.6710418375717802,"{'model_type': 'indoor', 'confidence_threshold': 0.9, 'ratio_threshold': 0.45}","{'model_type': 'indoor', 'confidence_threshold': 0.9, 'ratio_threshold': 0.45, 'pair_id': 'MMU-Iris_genuine_61', 'identity1': '20', 'identity2': '20', 'dataset_name': 'MMU-Iris'}",1772025622.3134723
LoFTR_indoor,iris,False,0.40897097625329815,True,False,1516,620,0.40897097625329815,2.152114448614001,0.40897097625329815,"{'model_type': 'indoor', 'confidence_threshold': 0.9, 'ratio_threshold': 0.45}","{'model_type': 'indoor', 'confidence_threshold': 0.9, 'ratio_threshold': 0.45, 'pair_id': 'MMU-Iris_genuine_62', 'identity1': '44', 'identity2': '44', 'dataset_name': 'MMU-Iris'}",1772025623.5207012
LoFTR_indoor,iris,True,0.6405693950177936,True,True,2248,1440,0.6405693950177936,2.6254347703203664,0.6405693950177936,"{'model_type': 'indoor', 'confidence_threshold': 0.9, 'ratio_threshold': 0.45}","{'model_type': 'indoor', 'confidence_threshold': 0.9, 'ratio_threshold': 0.45, 'pair_id': 'MMU-Iris_genuine_63', 'identity1': '45', 'identity2': '45', 'dataset_name': 'MMU-Iris'}",1772025624.8482492
LoFTR_indoor,iris,False,0.4455216989843029,True,False,2166,965,0.4455216989843029,2.4212686776874013,0.4455216989843029,"{'model_type': 'indoor', 'confidence_threshold': 0.9, 'ratio_threshold': 0.45}","{'model_type': 'indoor', 'confidence_threshold': 0.9, 'ratio_threshold': 0.45, 'pair_id': 'MMU-Iris_genuine_64', 'identity1': '11', 'identity2': '11', 'dataset_name': 'MMU-Iris'}",1772025626.1587474
LoFTR_indoor,iris,True,0.8164535084687176,True,True,2893,2362,0.8164535084687176,1.8845945804967792,0.8164535084687176,"{'model_type': 'indoor', 'confidence_threshold': 0.9, 'ratio_threshold': 0.45}","{'model_type': 'indoor', 'confidence_threshold': 0.9, 'ratio_threshold': 0.45, 'pair_id': 'MMU-Iris_genuine_65', 'identity1': '38', 'identity2': '38', 'dataset_name': 'MMU-Iris'}",1772025627.593003
LoFTR_indoor,iris,False,0.30263838592860837,True,False,1933,585,0.30263838592860837,2.5058797859538706,0.30263838592860837,"{'model_type': 'indoor', 'confidence_threshold': 0.9, 'ratio_threshold': 0.45}","{'model_type': 'indoor', 'confidence_threshold': 0.9, 'ratio_threshold': 0.45, 'pair_id': 'MMU-Iris_genuine_66', 'identity1': '41', 'identity2': '41', 'dataset_name': 'MMU-Iris'}",1772025628.9018924
LoFTR_indoor,iris,False,0.35020845741512807,True,False,1679,588,0.35020845741512807,2.654186993461842,0.35020845741512807,"{'model_type': 'indoor', 'confidence_threshold': 0.9, 'ratio_threshold': 0.45}","{'model_type': 'indoor', 'confidence_threshold': 0.9, 'ratio_threshold': 0.45, 'pair_id': 'MMU-Iris_genuine_67', 'identity1': '29', 'identity2': '29', 'dataset_name': 'MMU-Iris'}",1772025630.1676471
LoFTR_indoor,iris,True,0.8039867109634552,True,True,1806,1452,0.8039867109634552,2.167855240443998,0.8039867109634552,"{'model_type': 'indoor', 'confidence_threshold': 0.9, 'ratio_threshold': 0.45}","{'model_type': 'indoor', 'confidence_threshold': 0.9, 'ratio_threshold': 0.45, 'pair_id': 'MMU-Iris_genuine_68', 'identity1': '42', 'identity2': '42', 'dataset_name': 'MMU-Iris'}",1772025631.424644
LoFTR_indoor,iris,False,0.37833238797504254,True,False,1763,667,0.37833238797504254,2.351485312600062,0.37833238797504254,"{'model_type': 'indoor', 'confidence_threshold': 0.9, 'ratio_threshold': 0.45}","{'model_type': 'indoor', 'confidence_threshold': 0.9, 'ratio_threshold': 0.45, 'pair_id': 'MMU-Iris_genuine_69', 'identity1': '35', 'identity2': '35', 'dataset_name': 'MMU-Iris'}",1772025632.7033997
LoFTR_indoor,iris,True,0.810459940652819,True,True,2696,2185,0.810459940652819,1.685371734818023,0.810459940652819,"{'model_type': 'indoor', 'confidence_threshold': 0.9, 'ratio_threshold': 0.45}","{'model_type': 'indoor', 'confidence_threshold': 0.9, 'ratio_threshold': 0.45, 'pair_id': 'MMU-Iris_genuine_70', 'identity1': '33', 'identity2': '33', 'dataset_name': 'MMU-Iris'}",1772025634.106747
LoFTR_indoor,iris,True,0.7220166512488436,True,True,2162,1561,0.7220166512488436,1.921876350972284,0.7220166512488436,"{'model_type': 'indoor', 'confidence_threshold': 0.9, 'ratio_threshold': 0.45}","{'model_type': 'indoor', 'confidence_threshold': 0.9, 'ratio_threshold': 0.45, 'pair_id': 'MMU-Iris_genuine_71', 'identity1': '43', 'identity2': '43', 'dataset_name': 'MMU-Iris'}",1772025635.4012117
LoFTR_indoor,iris,False,0.42164502164502166,True,False,2310,974,0.42164502164502166,2.3962626692497966,0.42164502164502166,"{'model_type': 'indoor', 'confidence_threshold': 0.9, 'ratio_threshold': 0.45}","{'model_type': 'indoor', 'confidence_threshold': 0.9, 'ratio_threshold': 0.45, 'pair_id': 'MMU-Iris_genuine_72', 'identity1': '21', 'identity2': '21', 'dataset_name': 'MMU-Iris'}",1772025636.7481189
LoFTR_indoor,iris,True,0.5717866093805943,True,True,2793,1597,0.5717866093805943,2.340542438112865,0.5717866093805943,"{'model_type': 'indoor', 'confidence_threshold': 0.9, 'ratio_threshold': 0.45}","{'model_type': 'indoor', 'confidence_threshold': 0.9, 'ratio_threshold': 0.45, 'pair_id': 'MMU-Iris_genuine_73', 'identity1': '19', 'identity2': '19', 'dataset_name': 'MMU-Iris'}",1772025638.1643212
LoFTR_indoor,iris,True,0.560740455071346,True,True,2593,1454,0.560740455071346,1.626460029671473,0.560740455071346,"{'model_type': 'indoor', 'confidence_threshold': 0.9, 'ratio_threshold': 0.45}","{'model_type': 'indoor', 'confidence_threshold': 0.9, 'ratio_threshold': 0.45, 'pair_id': 'MMU-Iris_genuine_74', 'identity1': '37', 'identity2': '37', 'dataset_name': 'MMU-Iris'}",1772025639.5568604
LoFTR_indoor,iris,True,0.6807318894697535,True,True,2678,1823,0.6807318894697535,2.063641772484148,0.6807318894697535,"{'model_type': 'indoor', 'confidence_threshold': 0.9, 'ratio_threshold': 0.45}","{'model_type': 'indoor', 'confidence_threshold': 0.9, 'ratio_threshold': 0.45, 'pair_id': 'MMU-Iris_genuine_75', 'identity1': '20', 'identity2': '20', 'dataset_name': 'MMU-Iris'}",1772025640.974074
LoFTR_indoor,iris,True,0.4559322033898305,True,True,1180,538,0.4559322033898305,2.268209793241213,0.4559322033898305,"{'model_type': 'indoor', 'confidence_threshold': 0.9, 'ratio_threshold': 0.45}","{'model_type': 'indoor', 'confidence_threshold': 0.9, 'ratio_threshold': 0.45, 'pair_id': 'MMU-Iris_genuine_76', 'identity1': '5', 'identity2': '5', 'dataset_name': 'MMU-Iris'}",1772025642.14782
LoFTR_indoor,iris,True,0.8809332260659695,True,True,2486,2190,0.8809332260659695,1.7220999321533468,0.8809332260659695,"{'model_type': 'indoor', 'confidence_threshold': 0.9, 'ratio_threshold': 0.45}","{'model_type': 'indoor', 'confidence_threshold': 0.9, 'ratio_threshold': 0.45, 'pair_id': 'MMU-Iris_genuine_77', 'identity1': '28', 'identity2': '28', 'dataset_name': 'MMU-Iris'}",1772025643.5559163
LoFTR_indoor,iris,True,0.507600434310532,True,True,1842,935,0.507600434310532,2.4455126079066747,0.507600434310532,"{'model_type': 'indoor', 'confidence_threshold': 0.9, 'ratio_threshold': 0.45}","{'model_type': 'indoor', 'confidence_threshold': 0.9, 'ratio_threshold': 0.45, 'pair_id': 'MMU-Iris_genuine_78', 'identity1': '15', 'identity2': '15', 'dataset_name': 'MMU-Iris'}",1772025644.7989733
LoFTR_indoor,iris,True,0.618513906185139,True,True,2409,1490,0.618513906185139,1.92008334743254,0.618513906185139,"{'model_type': 'indoor', 'confidence_threshold': 0.9, 'ratio_threshold': 0.45}","{'model_type': 'indoor', 'confidence_threshold': 0.9, 'ratio_threshold': 0.45, 'pair_id': 'MMU-Iris_genuine_79', 'identity1': '23', 'identity2': '23', 'dataset_name': 'MMU-Iris'}",1772025646.158821
LoFTR_indoor,iris,False,0.29484029484029484,True,False,1221,360,0.29484029484029484,2.356003343320777,0.29484029484029484,"{'model_type': 'indoor', 'confidence_threshold': 0.9, 'ratio_threshold': 0.45}","{'model_type': 'indoor', 'confidence_threshold': 0.9, 'ratio_threshold': 0.45, 'pair_id': 'MMU-Iris_genuine_80', 'identity1': '30', 'identity2': '30', 'dataset_name': 'MMU-Iris'}",1772025647.3678446
LoFTR_indoor,iris,True,0.5150022391401702,True,True,2233,1150,0.5150022391401702,2.241729298178679,0.5150022391401702,"{'model_type': 'indoor', 'confidence_threshold': 0.9, 'ratio_threshold': 0.45}","{'model_type': 'indoor', 'confidence_threshold': 0.9, 'ratio_threshold': 0.45, 'pair_id': 'MMU-Iris_genuine_81', 'identity1': '37', 'identity2': '37', 'dataset_name': 'MMU-Iris'}",1772025648.688413
LoFTR_indoor,iris,True,0.6266720713417105,True,True,2467,1546,0.6266720713417105,2.1126697693449077,0.6266720713417105,"{'model_type': 'indoor', 'confidence_threshold': 0.9, 'ratio_threshold': 0.45}","{'model_type': 'indoor', 'confidence_threshold': 0.9, 'ratio_threshold': 0.45, 'pair_id': 'MMU-Iris_genuine_82', 'identity1': '12', 'identity2': '12', 'dataset_name': 'MMU-Iris'}",1772025650.0390081
LoFTR_indoor,iris,False,0.4188150158299412,True,False,2211,926,0.4188150158299412,2.5931050049367506,0.4188150158299412,"{'model_type': 'indoor', 'confidence_threshold': 0.9, 'ratio_threshold': 0.45}","{'model_type': 'indoor', 'confidence_threshold': 0.9, 'ratio_threshold': 0.45, 'pair_id': 'MMU-Iris_genuine_83', 'identity1': '1', 'identity2': '1', 'dataset_name': 'MMU-Iris'}",1772025651.3726394
LoFTR_indoor,iris,False,0.23137697516930023,True,False,1772,410,0.23137697516930023,2.1578791977910203,0.23137697516930023,"{'model_type': 'indoor', 'confidence_threshold': 0.9, 'ratio_threshold': 0.45}","{'model_type': 'indoor', 'confidence_threshold': 0.9, 'ratio_threshold': 0.45, 'pair_id': 'MMU-Iris_genuine_84', 'identity1': '38', 'identity2': '38', 'dataset_name': 'MMU-Iris'}",1772025652.7180436
LoFTR_indoor,iris,False,0.3884462151394422,True,False,2008,780,0.3884462151394422,2.612257062705766,0.3884462151394422,"{'model_type': 'indoor', 'confidence_threshold': 0.9, 'ratio_threshold': 0.45}","{'model_type': 'indoor', 'confidence_threshold': 0.9, 'ratio_threshold': 0.45, 'pair_id': 'MMU-Iris_genuine_85', 'identity1': '9', 'identity2': '9', 'dataset_name': 'MMU-Iris'}",1772025654.0147083
LoFTR_indoor,iris,True,0.6775735294117647,True,True,2720,1843,0.6775735294117647,1.9689765748418102,0.6775735294117647,"{'model_type': 'indoor', 'confidence_threshold': 0.9, 'ratio_threshold': 0.45}","{'model_type': 'indoor', 'confidence_threshold': 0.9, 'ratio_threshold': 0.45, 'pair_id': 'MMU-Iris_genuine_86', 'identity1': '45', 'identity2': '45', 'dataset_name': 'MMU-Iris'}",1772025655.4154212
LoFTR_indoor,iris,False,0.24202898550724639,True,False,1380,334,0.24202898550724639,2.259988530731265,0.24202898550724639,"{'model_type': 'indoor', 'confidence_threshold': 0.9, 'ratio_threshold': 0.45}","{'model_type': 'indoor', 'confidence_threshold': 0.9, 'ratio_threshold': 0.45, 'pair_id': 'MMU-Iris_genuine_87', 'identity1': '34', 'identity2': '34', 'dataset_name': 'MMU-Iris'}",1772025656.6796737
LoFTR_indoor,iris,True,0.6049085659287776,True,True,2078,1257,0.6049085659287776,2.4263924219605473,0.6049085659287776,"{'model_type': 'indoor', 'confidence_threshold': 0.9, 'ratio_threshold': 0.45}","{'model_type': 'indoor', 'confidence_threshold': 0.9, 'ratio_threshold': 0.45, 'pair_id': 'MMU-Iris_genuine_88', 'identity1': '6', 'identity2': '6', 'dataset_name': 'MMU-Iris'}",1772025657.966495
LoFTR_indoor,iris,True,0.8118994826311899,True,True,2706,2197,0.8118994826311899,1.6815348191088986,0.8118994826311899,"{'model_type': 'indoor', 'confidence_threshold': 0.9, 'ratio_threshold': 0.45}","{'model_type': 'indoor', 'confidence_threshold': 0.9, 'ratio_threshold': 0.45, 'pair_id': 'MMU-Iris_genuine_89', 'identity1': '32', 'identity2': '32', 'dataset_name': 'MMU-Iris'}",1772025659.351359
LoFTR_indoor,iris,True,0.5949103045473508,True,True,2397,1426,0.5949103045473508,2.3794295293504986,0.5949103045473508,"{'model_type': 'indoor', 'confidence_threshold': 0.9, 'ratio_threshold': 0.45}","{'model_type': 'indoor', 'confidence_threshold': 0.9, 'ratio_threshold': 0.45, 'pair_id': 'MMU-Iris_genuine_90', 'identity1': '39', 'identity2': '39', 'dataset_name': 'MMU-Iris'}",1772025660.7154863
LoFTR_indoor,iris,False,0.3826625386996904,True,False,1615,618,0.3826625386996904,2.220880749149244,0.3826625386996904,"{'model_type': 'indoor', 'confidence_threshold': 0.9, 'ratio_threshold': 0.45}","{'model_type': 'indoor', 'confidence_threshold': 0.9, 'ratio_threshold': 0.45, 'pair_id': 'MMU-Iris_genuine_91', 'identity1': '36', 'identity2': '36', 'dataset_name': 'MMU-Iris'}",1772025661.9352055
LoFTR_indoor,iris,True,0.8336239972096268,True,True,2867,2390,0.8336239972096268,1.7096790452401232,0.8336239972096268,"{'model_type': 'indoor', 'confidence_threshold': 0.9, 'ratio_threshold': 0.45}","{'model_type': 'indoor', 'confidence_threshold': 0.9, 'ratio_threshold': 0.45, 'pair_id': 'MMU-Iris_genuine_92', 'identity1': '25', 'identity2': '25', 'dataset_name': 'MMU-Iris'}",1772025663.3594055
LoFTR_indoor,iris,True,0.4532967032967033,True,True,1820,825,0.4532967032967033,1.6438482257683142,0.4532967032967033,"{'model_type': 'indoor', 'confidence_threshold': 0.9, 'ratio_threshold': 0.45}","{'model_type': 'indoor', 'confidence_threshold': 0.9, 'ratio_threshold': 0.45, 'pair_id': 'MMU-Iris_genuine_93', 'identity1': '40', 'identity2': '40', 'dataset_name': 'MMU-Iris'}",1772025664.5964277
LoFTR_indoor,iris,True,0.7476882430647291,True,True,2271,1698,0.7476882430647291,1.947328306027797,0.7476882430647291,"{'model_type': 'indoor', 'confidence_threshold': 0.9, 'ratio_threshold': 0.45}","{'model_type': 'indoor', 'confidence_threshold': 0.9, 'ratio_threshold': 0.45, 'pair_id': 'MMU-Iris_genuine_94', 'identity1': '20', 'identity2': '20', 'dataset_name': 'MMU-Iris'}",1772025665.9144545
LoFTR_indoor,iris,True,0.5590062111801242,True,True,2093,1170,0.5590062111801242,2.263314600823123,0.5590062111801242,"{'model_type': 'indoor', 'confidence_threshold': 0.9, 'ratio_threshold': 0.45}","{'model_type': 'indoor', 'confidence_threshold': 0.9, 'ratio_threshold': 0.45, 'pair_id': 'MMU-Iris_genuine_95', 'identity1': '26', 'identity2': '26', 'dataset_name': 'MMU-Iris'}",1772025667.2218783
LoFTR_indoor,iris,True,0.5339285714285714,True,True,2240,1196,0.5339285714285714,1.67247253680944,0.5339285714285714,"{'model_type': 'indoor', 'confidence_threshold': 0.9, 'ratio_threshold': 0.45}","{'model_type': 'indoor', 'confidence_threshold': 0.9, 'ratio_threshold': 0.45, 'pair_id': 'MMU-Iris_genuine_96', 'identity1': '22', 'identity2': '22', 'dataset_name': 'MMU-Iris'}",1772025668.577402
LoFTR_indoor,iris,True,0.8368067820558107,True,True,2831,2369,0.8368067820558107,1.714902378425068,0.8368067820558107,"{'model_type': 'indoor', 'confidence_threshold': 0.9, 'ratio_threshold': 0.45}","{'model_type': 'indoor', 'confidence_threshold': 0.9, 'ratio_threshold': 0.45, 'pair_id': 'MMU-Iris_genuine_97', 'identity1': '42', 'identity2': '42', 'dataset_name': 'MMU-Iris'}",1772025669.9846277
LoFTR_indoor,iris,False,0.36363636363636365,True,False,297,108,0.36363636363636365,2.224169715457663,0.36363636363636365,"{'model_type': 'indoor', 'confidence_threshold': 0.9, 'ratio_threshold': 0.45}","{'model_type': 'indoor', 'confidence_threshold': 0.9, 'ratio_threshold': 0.45, 'pair_id': 'MMU-Iris_genuine_98', 'identity1': '2', 'identity2': '2', 'dataset_name': 'MMU-Iris'}",1772025670.9454782
LoFTR_indoor,iris,True,0.6541149068322981,True,True,2576,1685,0.6541149068322981,1.9880645991465153,0.6541149068322981,"{'model_type': 'indoor', 'confidence_threshold': 0.9, 'ratio_threshold': 0.45}","{'model_type': 'indoor', 'confidence_threshold': 0.9, 'ratio_threshold': 0.45, 'pair_id': 'MMU-Iris_genuine_99', 'identity1': '29', 'identity2': '29', 'dataset_name': 'MMU-Iris'}",1772025672.3162007
LoFTR_indoor,iris,False,0.10020449897750511,False,True,489,49,0.10020449897750511,1.8661767170940455,0.10020449897750511,"{'model_type': 'indoor', 'confidence_threshold': 0.9, 'ratio_threshold': 0.45}","{'model_type': 'indoor', 'confidence_threshold': 0.9, 'ratio_threshold': 0.45, 'pair_id': 'MMU-Iris_impostor_0', 'identity1': '42', 'identity2': '36', 'dataset_name': 'MMU-Iris'}",1772025673.3991616
LoFTR_indoor,iris,False,0.1872,False,True,625,117,0.1872,2.368417234945907,0.1872,"{'model_type': 'indoor', 'confidence_threshold': 0.9, 'ratio_threshold': 0.45}","{'model_type': 'indoor', 'confidence_threshold': 0.9, 'ratio_threshold': 0.45, 'pair_id': 'MMU-Iris_impostor_1', 'identity1': '7', 'identity2': '1', 'dataset_name': 'MMU-Iris'}",1772025674.4963598
LoFTR_indoor,iris,False,0.1282051282051282,False,True,585,75,0.1282051282051282,2.3633024145742096,0.1282051282051282,"{'model_type': 'indoor', 'confidence_threshold': 0.9, 'ratio_threshold': 0.45}","{'model_type': 'indoor', 'confidence_threshold': 0.9, 'ratio_threshold': 0.45, 'pair_id': 'MMU-Iris_impostor_2', 'identity1': '17', 'identity2': '5', 'dataset_name': 'MMU-Iris'}",1772025675.5973284
LoFTR_indoor,iris,False,0.0905109489051095,False,True,685,62,0.0905109489051095,2.417952788714645,0.0905109489051095,"{'model_type': 'indoor', 'confidence_threshold': 0.9, 'ratio_threshold': 0.45}","{'model_type': 'indoor', 'confidence_threshold': 0.9, 'ratio_threshold': 0.45, 'pair_id': 'MMU-Iris_impostor_3', 'identity1': '39', 'identity2': '31', 'dataset_name': 'MMU-Iris'}",1772025676.7173543
LoFTR_indoor,iris,False,0.10484927916120576,False,True,763,80,0.10484927916120576,2.8014325495175214,0.10484927916120576,"{'model_type': 'indoor', 'confidence_threshold': 0.9, 'ratio_threshold': 0.45}","{'model_type': 'indoor', 'confidence_threshold': 0.9, 'ratio_threshold': 0.45, 'pair_id': 'MMU-Iris_impostor_4', 'identity1': '38', 'identity2': '7', 'dataset_name': 'MMU-Iris'}",1772025677.851346
LoFTR_indoor,iris,False,0.09748427672955975,False,True,636,62,0.09748427672955975,2.4109392468036948,0.09748427672955975,"{'model_type': 'indoor', 'confidence_threshold': 0.9, 'ratio_threshold': 0.45}","{'model_type': 'indoor', 'confidence_threshold': 0.9, 'ratio_threshold': 0.45, 'pair_id': 'MMU-Iris_impostor_5', 'identity1': '19', 'identity2': '8', 'dataset_name': 'MMU-Iris'}",1772025678.9584687
LoFTR_indoor,iris,False,0.12054329371816638,False,True,589,71,0.12054329371816638,2.7324764882904065,0.12054329371816638,"{'model_type': 'indoor', 'confidence_threshold': 0.9, 'ratio_threshold': 0.45}","{'model_type': 'indoor', 'confidence_threshold': 0.9, 'ratio_threshold': 0.45, 'pair_id': 'MMU-Iris_impostor_6', 'identity1': '46', 'identity2': '11', 'dataset_name': 'MMU-Iris'}",1772025680.0686524
LoFTR_indoor,iris,False,0.13221153846153846,False,True,416,55,0.13221153846153846,2.5279830959630214,0.13221153846153846,"{'model_type': 'indoor', 'confidence_threshold': 0.9, 'ratio_threshold': 0.45}","{'model_type': 'indoor', 'confidence_threshold': 0.9, 'ratio_threshold': 0.45, 'pair_id': 'MMU-Iris_impostor_7', 'identity1': '37', 'identity2': '11', 'dataset_name': 'MMU-Iris'}",1772025681.1228995
LoFTR_indoor,iris,False,0.08813559322033898,False,True,295,26,0.08813559322033898,2.8359970783610082,0.08813559322033898,"{'model_type': 'indoor', 'confidence_threshold': 0.9, 'ratio_threshold': 0.45}","{'model_type': 'indoor', 'confidence_threshold': 0.9, 'ratio_threshold': 0.45, 'pair_id': 'MMU-Iris_impostor_8', 'identity1': '43', 'identity2': '35', 'dataset_name': 'MMU-Iris'}",1772025682.143908
LoFTR_indoor,iris,False,0.16367980884109917,False,True,837,137,0.16367980884109917,2.644007177837338,0.16367980884109917,"{'model_type': 'indoor', 'confidence_threshold': 0.9, 'ratio_threshold': 0.45}","{'model_type': 'indoor', 'confidence_threshold': 0.9, 'ratio_threshold': 0.45, 'pair_id': 'MMU-Iris_impostor_9', 'identity1': '28', 'identity2': '46', 'dataset_name': 'MMU-Iris'}",1772025683.3083978
LoFTR_indoor,iris,False,0.1296969696969697,False,True,825,107,0.1296969696969697,2.5082567396379734,0.1296969696969697,"{'model_type': 'indoor', 'confidence_threshold': 0.9, 'ratio_threshold': 0.45}","{'model_type': 'indoor', 'confidence_threshold': 0.9, 'ratio_threshold': 0.45, 'pair_id': 'MMU-Iris_impostor_10', 'identity1': '14', 'identity2': '34', 'dataset_name': 'MMU-Iris'}",1772025684.4523404
LoFTR_indoor,iris,False,0.1876750700280112,False,True,714,134,0.1876750700280112,2.5178102359372287,0.1876750700280112,"{'model_type': 'indoor', 'confidence_threshold': 0.9, 'ratio_threshold': 0.45}","{'model_type': 'indoor', 'confidence_threshold': 0.9, 'ratio_threshold': 0.45, 'pair_id': 'MMU-Iris_impostor_11', 'identity1': '41', 'identity2': '42', 'dataset_name': 'MMU-Iris'}",1772025685.5702894
LoFTR_indoor,iris,False,0.09760589318600368,False,True,543,53,0.09760589318600368,2.1967524047165936,0.09760589318600368,"{'model_type': 'indoor', 'confidence_threshold': 0.9, 'ratio_threshold': 0.45}","{'model_type': 'indoor', 'confidence_threshold': 0.9, 'ratio_threshold': 0.45, 'pair_id': 'MMU-Iris_impostor_12', 'identity1': '5', 'identity2': '8', 'dataset_name': 'MMU-Iris'}",1772025686.6706095
LoFTR_indoor,iris,False,0.1391035548686244,False,True,647,90,0.1391035548686244,2.9523449347629986,0.1391035548686244,"{'model_type': 'indoor', 'confidence_threshold': 0.9, 'ratio_threshold': 0.45}","{'model_type': 'indoor', 'confidence_threshold': 0.9, 'ratio_threshold': 0.45, 'pair_id': 'MMU-Iris_impostor_13', 'identity1': '46', 'identity2': '3', 'dataset_name': 'MMU-Iris'}",1772025687.7984219
LoFTR_indoor,iris,False,0.08189655172413793,False,True,464,38,0.08189655172413793,2.2762182109436195,0.08189655172413793,"{'model_type': 'indoor', 'confidence_threshold': 0.9, 'ratio_threshold': 0.45}","{'model_type': 'indoor', 'confidence_threshold': 0.9, 'ratio_threshold': 0.45, 'pair_id': 'MMU-Iris_impostor_14', 'identity1': '17', 'identity2': '25', 'dataset_name': 'MMU-Iris'}",1772025688.8841412
LoFTR_indoor,iris,False,0.1692126909518214,False,True,851,144,0.1692126909518214,2.2455027101437466,0.1692126909518214,"{'model_type': 'indoor', 'confidence_threshold': 0.9, 'ratio_threshold': 0.45}","{'model_type': 'indoor', 'confidence_threshold': 0.9, 'ratio_threshold': 0.45, 'pair_id': 'MMU-Iris_impostor_15', 'identity1': '28', 'identity2': '16', 'dataset_name': 'MMU-Iris'}",1772025690.0346572
LoFTR_indoor,iris,False,0.12855209742895804,False,True,739,95,0.12855209742895804,2.3933267411479107,0.12855209742895804,"{'model_type': 'indoor', 'confidence_threshold': 0.9, 'ratio_threshold': 0.45}","{'model_type': 'indoor', 'confidence_threshold': 0.9, 'ratio_threshold': 0.45, 'pair_id': 'MMU-Iris_impostor_16', 'identity1': '45', 'identity2': '18', 'dataset_name': 'MMU-Iris'}",1772025691.166918
LoFTR_indoor,iris,False,0.14860681114551083,False,True,646,96,0.14860681114551083,2.865172275500552,0.14860681114551083,"{'model_type': 'indoor', 'confidence_threshold': 0.9, 'ratio_threshold': 0.45}","{'model_type': 'indoor', 'confidence_threshold': 0.9, 'ratio_threshold': 0.45, 'pair_id': 'MMU-Iris_impostor_17', 'identity1': '34', 'identity2': '21', 'dataset_name': 'MMU-Iris'}",1772025692.2869027
LoFTR_indoor,iris,False,0.1528724440116845,False,True,1027,157,0.1528724440116845,3.0415078537975444,0.1528724440116845,"{'model_type': 'indoor', 'confidence_threshold': 0.9, 'ratio_threshold': 0.45}","{'model_type': 'indoor', 'confidence_threshold': 0.9, 'ratio_threshold': 0.45, 'pair_id': 'MMU-Iris_impostor_18', 'identity1': '29', 'identity2': '27', 'dataset_name': 'MMU-Iris'}",1772025693.4766355
LoFTR_indoor,iris,False,0.14641744548286603,False,True,321,47,0.14641744548286603,2.23451689036637,0.14641744548286603,"{'model_type': 'indoor', 'confidence_threshold': 0.9, 'ratio_threshold': 0.45}","{'model_type': 'indoor', 'confidence_threshold': 0.9, 'ratio_threshold': 0.45, 'pair_id': 'MMU-Iris_impostor_19', 'identity1': '10', 'identity2': '36', 'dataset_name': 'MMU-Iris'}",1772025694.4996054
LoFTR_indoor,iris,False,0.11691022964509394,False,True,479,56,0.11691022964509394,2.0955078268549303,0.11691022964509394,"{'model_type': 'indoor', 'confidence_threshold': 0.9, 'ratio_threshold': 0.45}","{'model_type': 'indoor', 'confidence_threshold': 0.9, 'ratio_threshold': 0.45, 'pair_id': 'MMU-Iris_impostor_20', 'identity1': '28', 'identity2': '7', 'dataset_name': 'MMU-Iris'}",1772025695.5587533
LoFTR_indoor,iris,False,0.24025974025974026,False,True,308,74,0.24025974025974026,2.564087340537917,0.24025974025974026,"{'model_type': 'indoor', 'confidence_threshold': 0.9, 'ratio_threshold': 0.45}","{'model_type': 'indoor', 'confidence_threshold': 0.9, 'ratio_threshold': 0.45, 'pair_id': 'MMU-Iris_impostor_21', 'identity1': '44', 'identity2': '32', 'dataset_name': 'MMU-Iris'}",1772025696.5610962
LoFTR_indoor,iris,False,0.0784313725490196,False,True,357,28,0.0784313725490196,1.9961394864635769,0.0784313725490196,"{'model_type': 'indoor', 'confidence_threshold': 0.9, 'ratio_threshold': 0.45}","{'model_type': 'indoor', 'confidence_threshold': 0.9, 'ratio_threshold': 0.45, 'pair_id': 'MMU-Iris_impostor_22', 'identity1': '9', 'identity2': '6', 'dataset_name': 'MMU-Iris'}",1772025697.5832896
LoFTR_indoor,iris,False,0.07156673114119923,False,True,517,37,0.07156673114119923,2.6225593856122456,0.07156673114119923,"{'model_type': 'indoor', 'confidence_threshold': 0.9, 'ratio_threshold': 0.45}","{'model_type': 'indoor', 'confidence_threshold': 0.9, 'ratio_threshold': 0.45, 'pair_id': 'MMU-Iris_impostor_23', 'identity1': '15', 'identity2': '38', 'dataset_name': 'MMU-Iris'}",1772025698.664147
LoFTR_indoor,iris,False,0.14601769911504425,False,True,678,99,0.14601769911504425,2.602270214307061,0.14601769911504425,"{'model_type': 'indoor', 'confidence_threshold': 0.9, 'ratio_threshold': 0.45}","{'model_type': 'indoor', 'confidence_threshold': 0.9, 'ratio_threshold': 0.45, 'pair_id': 'MMU-Iris_impostor_24', 'identity1': '33', 'identity2': '11', 'dataset_name': 'MMU-Iris'}",1772025699.7836647
LoFTR_indoor,iris,False,0.11965811965811966,False,True,585,70,0.11965811965811966,2.871827093204972,0.11965811965811966,"{'model_type': 'indoor', 'confidence_threshold': 0.9, 'ratio_threshold': 0.45}","{'model_type': 'indoor', 'confidence_threshold': 0.9, 'ratio_threshold': 0.45, 'pair_id': 'MMU-Iris_impostor_25', 'identity1': '26', 'identity2': '10', 'dataset_name': 'MMU-Iris'}",1772025700.889273
LoFTR_indoor,iris,False,0.1314878892733564,False,True,289,38,0.1314878892733564,2.32511560158476,0.1314878892733564,"{'model_type': 'indoor', 'confidence_threshold': 0.9, 'ratio_threshold': 0.45}","{'model_type': 'indoor', 'confidence_threshold': 0.9, 'ratio_threshold': 0.45, 'pair_id': 'MMU-Iris_impostor_26', 'identity1': '9', 'identity2': '37', 'dataset_name': 'MMU-Iris'}",1772025701.9069746
LoFTR_indoor,iris,False,0.09499136442141623,False,True,579,55,0.09499136442141623,2.617345727033224,0.09499136442141623,"{'model_type': 'indoor', 'confidence_threshold': 0.9, 'ratio_threshold': 0.45}","{'model_type': 'indoor', 'confidence_threshold': 0.9, 'ratio_threshold': 0.45, 'pair_id': 'MMU-Iris_impostor_27', 'identity1': '19', 'identity2': '5', 'dataset_name': 'MMU-Iris'}",1772025702.99949
LoFTR_indoor,iris,False,0.15007656967840735,False,True,653,98,0.15007656967840735,2.628187663391752,0.15007656967840735,"{'model_type': 'indoor', 'confidence_threshold': 0.9, 'ratio_threshold': 0.45}","{'model_type': 'indoor', 'confidence_threshold': 0.9, 'ratio_threshold': 0.45, 'pair_id': 'MMU-Iris_impostor_28', 'identity1': '3', 'identity2': '32', 'dataset_name': 'MMU-Iris'}",1772025704.0985463
LoFTR_indoor,iris,False,0.11226611226611227,False,True,481,54,0.11226611226611227,2.478598152394238,0.11226611226611227,"{'model_type': 'indoor', 'confidence_threshold': 0.9, 'ratio_threshold': 0.45}","{'model_type': 'indoor', 'confidence_threshold': 0.9, 'ratio_threshold': 0.45, 'pair_id': 'MMU-Iris_impostor_29', 'identity1': '43', 'identity2': '40', 'dataset_name': 'MMU-Iris'}",1772025705.1689832
LoFTR_indoor,iris,False,0.19469026548672566,False,True,791,154,0.19469026548672566,2.7778484548504565,0.19469026548672566,"{'model_type': 'indoor', 'confidence_threshold': 0.9, 'ratio_threshold': 0.45}","{'model_type': 'indoor', 'confidence_threshold': 0.9, 'ratio_threshold': 0.45, 'pair_id': 'MMU-Iris_impostor_30', 'identity1': '1', 'identity2': '2', 'dataset_name': 'MMU-Iris'}",1772025706.311095
LoFTR_indoor,iris,False,0.14228187919463087,False,True,745,106,0.14228187919463087,2.8015940205452616,0.14228187919463087,"{'model_type': 'indoor', 'confidence_threshold': 0.9, 'ratio_threshold': 0.45}","{'model_type': 'indoor', 'confidence_threshold': 0.9, 'ratio_threshold': 0.45, 'pair_id': 'MMU-Iris_impostor_31', 'identity1': '32', 'identity2': '36', 'dataset_name': 'MMU-Iris'}",1772025707.4450948
LoFTR_indoor,iris,False,0.12518195050946143,False,True,687,86,0.12518195050946143,2.443903876554225,0.12518195050946143,"{'model_type': 'indoor', 'confidence_threshold': 0.9, 'ratio_threshold': 0.45}","{'model_type': 'indoor', 'confidence_threshold': 0.9, 'ratio_threshold': 0.45, 'pair_id': 'MMU-Iris_impostor_32', 'identity1': '28', 'identity2': '45', 'dataset_name': 'MMU-Iris'}",1772025708.5594442
LoFTR_indoor,iris,False,0.14353312302839116,False,True,634,91,0.14353312302839116,2.4941709377061625,0.14353312302839116,"{'model_type': 'indoor', 'confidence_threshold': 0.9, 'ratio_threshold': 0.45}","{'model_type': 'indoor', 'confidence_threshold': 0.9, 'ratio_threshold': 0.45, 'pair_id': 'MMU-Iris_impostor_33', 'identity1': '45', 'identity2': '46', 'dataset_name': 'MMU-Iris'}",1772025709.663473
LoFTR_indoor,iris,False,0.1354679802955665,False,True,406,55,0.1354679802955665,2.6412747272320902,0.1354679802955665,"{'model_type': 'indoor', 'confidence_threshold': 0.9, 'ratio_threshold': 0.45}","{'model_type': 'indoor', 'confidence_threshold': 0.9, 'ratio_threshold': 0.45, 'pair_id': 'MMU-Iris_impostor_34', 'identity1': '29', 'identity2': '30', 'dataset_name': 'MMU-Iris'}",1772025710.705715
LoFTR_indoor,iris,False,0.14353312302839116,False,True,634,91,0.14353312302839116,2.44268892148602,0.14353312302839116,"{'model_type': 'indoor', 'confidence_threshold': 0.9, 'ratio_threshold': 0.45}","{'model_type': 'indoor', 'confidence_threshold': 0.9, 'ratio_threshold': 0.45, 'pair_id': 'MMU-Iris_impostor_35', 'identity1': '24', 'identity2': '35', 'dataset_name': 'MMU-Iris'}",1772025711.8041394
LoFTR_indoor,iris,False,0.14201183431952663,False,True,845,120,0.14201183431952663,2.238730816715413,0.14201183431952663,"{'model_type': 'indoor', 'confidence_threshold': 0.9, 'ratio_threshold': 0.45}","{'model_type': 'indoor', 'confidence_threshold': 0.9, 'ratio_threshold': 0.45, 'pair_id': 'MMU-Iris_impostor_36', 'identity1': '26', 'identity2': '6', 'dataset_name': 'MMU-Iris'}",1772025712.9602926
LoFTR_indoor,iris,False,0.10135135135135136,False,True,592,60,0.10135135135135136,2.162352690795366,0.10135135135135136,"{'model_type': 'indoor', 'confidence_threshold': 0.9, 'ratio_threshold': 0.45}","{'model_type': 'indoor', 'confidence_threshold': 0.9, 'ratio_threshold': 0.45, 'pair_id': 'MMU-Iris_impostor_37', 'identity1': '15', 'identity2': '17', 'dataset_name': 'MMU-Iris'}",1772025714.0376081
LoFTR_indoor,iris,False,0.15437392795883362,False,True,583,90,0.15437392795883362,2.607774408708193,0.15437392795883362,"{'model_type': 'indoor', 'confidence_threshold': 0.9, 'ratio_threshold': 0.45}","{'model_type': 'indoor', 'confidence_threshold': 0.9, 'ratio_threshold': 0.45, 'pair_id': 'MMU-Iris_impostor_38', 'identity1': '12', 'identity2': '36', 'dataset_name': 'MMU-Iris'}",1772025715.139723
LoFTR_indoor,iris,False,0.15036045314109167,False,True,971,146,0.15036045314109167,2.6705457066650684,0.15036045314109167,"{'model_type': 'indoor', 'confidence_threshold': 0.9, 'ratio_threshold': 0.45}","{'model_type': 'indoor', 'confidence_threshold': 0.9, 'ratio_threshold': 0.45, 'pair_id': 'MMU-Iris_impostor_39', 'identity1': '14', 'identity2': '18', 'dataset_name': 'MMU-Iris'}",1772025716.311813
LoFTR_indoor,iris,False,0.16627634660421545,False,True,427,71,0.16627634660421545,2.4251532019877744,0.16627634660421545,"{'model_type': 'indoor', 'confidence_threshold': 0.9, 'ratio_threshold': 0.45}","{'model_type': 'indoor', 'confidence_threshold': 0.9, 'ratio_threshold': 0.45, 'pair_id': 'MMU-Iris_impostor_40', 'identity1': '21', 'identity2': '37', 'dataset_name': 'MMU-Iris'}",1772025717.3470683
LoFTR_indoor,iris,False,0.09915611814345991,False,True,474,47,0.09915611814345991,2.430638894008455,0.09915611814345991,"{'model_type': 'indoor', 'confidence_threshold': 0.9, 'ratio_threshold': 0.45}","{'model_type': 'indoor', 'confidence_threshold': 0.9, 'ratio_threshold': 0.45, 'pair_id': 'MMU-Iris_impostor_41', 'identity1': '25', 'identity2': '45', 'dataset_name': 'MMU-Iris'}",1772025718.407503
LoFTR_indoor,iris,False,0.1375796178343949,False,True,785,108,0.1375796178343949,2.730034200876856,0.1375796178343949,"{'model_type': 'indoor', 'confidence_threshold': 0.9, 'ratio_threshold': 0.45}","{'model_type': 'indoor', 'confidence_threshold': 0.9, 'ratio_threshold': 0.45, 'pair_id': 'MMU-Iris_impostor_42', 'identity1': '12', 'identity2': '35', 'dataset_name': 'MMU-Iris'}",1772025719.564454
LoFTR_indoor,iris,False,0.1297709923664122,False,True,393,51,0.1297709923664122,1.948602657303398,0.1297709923664122,"{'model_type': 'indoor', 'confidence_threshold': 0.9, 'ratio_threshold': 0.45}","{'model_type': 'indoor', 'confidence_threshold': 0.9, 'ratio_threshold': 0.45, 'pair_id': 'MMU-Iris_impostor_43', 'identity1': '5', 'identity2': '32', 'dataset_name': 'MMU-Iris'}",1772025720.6201212
LoFTR_indoor,iris,False,0.2033096926713948,False,True,423,86,0.2033096926713948,2.2926397331102755,0.2033096926713948,"{'model_type': 'indoor', 'confidence_threshold': 0.9, 'ratio_threshold': 0.45}","{'model_type': 'indoor', 'confidence_threshold': 0.9, 'ratio_threshold': 0.45, 'pair_id': 'MMU-Iris_impostor_44', 'identity1': '12', 'identity2': '30', 'dataset_name': 'MMU-Iris'}",1772025721.6581304
LoFTR_indoor,iris,False,0.10623229461756374,False,True,706,75,0.10623229461756374,2.871883857780297,0.10623229461756374,"{'model_type': 'indoor', 'confidence_threshold': 0.9, 'ratio_threshold': 0.45}","{'model_type': 'indoor', 'confidence_threshold': 0.9, 'ratio_threshold': 0.45, 'pair_id': 'MMU-Iris_impostor_45', 'identity1': '34', 'identity2': '17', 'dataset_name': 'MMU-Iris'}",1772025722.7808633
LoFTR_indoor,iris,False,0.11917808219178082,False,True,730,87,0.11917808219178082,2.2749863436584263,0.11917808219178082,"{'model_type': 'indoor', 'confidence_threshold': 0.9, 'ratio_threshold': 0.45}","{'model_type': 'indoor', 'confidence_threshold': 0.9, 'ratio_threshold': 0.45, 'pair_id': 'MMU-Iris_impostor_46', 'identity1': '37', 'identity2': '24', 'dataset_name': 'MMU-Iris'}",1772025723.910875
LoFTR_indoor,iris,False,0.13043478260869565,False,True,437,57,0.13043478260869565,2.419383147338657,0.13043478260869565,"{'model_type': 'indoor', 'confidence_threshold': 0.9, 'ratio_threshold': 0.45}","{'model_type': 'indoor', 'confidence_threshold': 0.9, 'ratio_threshold': 0.45, 'pair_id': 'MMU-Iris_impostor_47', 'identity1': '28', 'identity2': '35', 'dataset_name': 'MMU-Iris'}",1772025724.9628046
LoFTR_indoor,iris,False,0.13980263157894737,False,True,608,85,0.13980263157894737,2.5942595224788403,0.13980263157894737,"{'model_type': 'indoor', 'confidence_threshold': 0.9, 'ratio_threshold': 0.45}","{'model_type': 'indoor', 'confidence_threshold': 0.9, 'ratio_threshold': 0.45, 'pair_id': 'MMU-Iris_impostor_48', 'identity1': '10', 'identity2': '35', 'dataset_name': 'MMU-Iris'}",1772025726.062847
LoFTR_indoor,iris,False,0.1827956989247312,False,True,651,119,0.1827956989247312,2.71840328405002,0.1827956989247312,"{'model_type': 'indoor', 'confidence_threshold': 0.9, 'ratio_threshold': 0.45}","{'model_type': 'indoor', 'confidence_threshold': 0.9, 'ratio_threshold': 0.45, 'pair_id': 'MMU-Iris_impostor_49', 'identity1': '38', 'identity2': '16', 'dataset_name': 'MMU-Iris'}",1772025727.176107
LoFTR_indoor,iris,False,0.17118093174431204,False,True,923,158,0.17118093174431204,2.4789961393075153,0.17118093174431204,"{'model_type': 'indoor', 'confidence_threshold': 0.9, 'ratio_threshold': 0.45}","{'model_type': 'indoor', 'confidence_threshold': 0.9, 'ratio_threshold': 0.45, 'pair_id': 'MMU-Iris_impostor_50', 'identity1': '34', 'identity2': '15', 'dataset_name': 'MMU-Iris'}",1772025728.3549953
LoFTR_indoor,iris,False,0.1639871382636656,False,True,622,102,0.1639871382636656,2.7229921167551048,0.1639871382636656,"{'model_type': 'indoor', 'confidence_threshold': 0.9, 'ratio_threshold': 0.45}","{'model_type': 'indoor', 'confidence_threshold': 0.9, 'ratio_threshold': 0.45, 'pair_id': 'MMU-Iris_impostor_51', 'identity1': '12', 'identity2': '6', 'dataset_name': 'MMU-Iris'}",1772025729.448491
LoFTR_indoor,iris,False,0.09953703703703703,False,True,432,43,0.09953703703703703,2.529762401872343,0.09953703703703703,"{'model_type': 'indoor', 'confidence_threshold': 0.9, 'ratio_threshold': 0.45}","{'model_type': 'indoor', 'confidence_threshold': 0.9, 'ratio_threshold': 0.45, 'pair_id': 'MMU-Iris_impostor_52', 'identity1': '28', 'identity2': '35', 'dataset_name': 'MMU-Iris'}",1772025730.4817297
LoFTR_indoor,iris,False,0.17035775127768313,False,True,587,100,0.17035775127768313,2.1257025331470683,0.17035775127768313,"{'model_type': 'indoor', 'confidence_threshold': 0.9, 'ratio_threshold': 0.45}","{'model_type': 'indoor', 'confidence_threshold': 0.9, 'ratio_threshold': 0.45, 'pair_id': 'MMU-Iris_impostor_53', 'identity1': '26', 'identity2': '11', 'dataset_name': 'MMU-Iris'}",1772025731.5812304
LoFTR_indoor,iris,False,0.1285444234404537,False,True,529,68,0.1285444234404537,2.4192804909201464,0.1285444234404537,"{'model_type': 'indoor', 'confidence_threshold': 0.9, 'ratio_threshold': 0.45}","{'model_type': 'indoor', 'confidence_threshold': 0.9, 'ratio_threshold': 0.45, 'pair_id': 'MMU-Iris_impostor_54', 'identity1': '43', 'identity2': '38', 'dataset_name': 'MMU-Iris'}",1772025732.6737285
LoFTR_indoor,iris,False,0.11703511053315994,False,True,769,90,0.11703511053315994,2.4749292895405794,0.11703511053315994,"{'model_type': 'indoor', 'confidence_threshold': 0.9, 'ratio_threshold': 0.45}","{'model_type': 'indoor', 'confidence_threshold': 0.9, 'ratio_threshold': 0.45, 'pair_id': 'MMU-Iris_impostor_55', 'identity1': '34', 'identity2': '1', 'dataset_name': 'MMU-Iris'}",1772025733.816127
LoFTR_indoor,iris,False,0.09490740740740741,False,True,432,41,0.09490740740740741,2.272183154278998,0.09490740740740741,"{'model_type': 'indoor', 'confidence_threshold': 0.9, 'ratio_threshold': 0.45}","{'model_type': 'indoor', 'confidence_threshold': 0.9, 'ratio_threshold': 0.45, 'pair_id': 'MMU-Iris_impostor_56', 'identity1': '22', 'identity2': '13', 'dataset_name': 'MMU-Iris'}",1772025734.9523473
LoFTR_indoor,iris,False,0.11392405063291139,False,True,632,72,0.11392405063291139,2.4608310019575166,0.11392405063291139,"{'model_type': 'indoor', 'confidence_threshold': 0.9, 'ratio_threshold': 0.45}","{'model_type': 'indoor', 'confidence_threshold': 0.9, 'ratio_threshold': 0.45, 'pair_id': 'MMU-Iris_impostor_57', 'identity1': '25', 'identity2': '33', 'dataset_name': 'MMU-Iris'}",1772025736.3465436
LoFTR_indoor,iris,False,0.11827956989247312,False,True,279,33,0.11827956989247312,2.3641582652106243,0.11827956989247312,"{'model_type': 'indoor', 'confidence_threshold': 0.9, 'ratio_threshold': 0.45}","{'model_type': 'indoor', 'confidence_threshold': 0.9, 'ratio_threshold': 0.45, 'pair_id': 'MMU-Iris_impostor_58', 'identity1': '13', 'identity2': '37', 'dataset_name': 'MMU-Iris'}",1772025736.978258
LoFTR_indoor,iris,False,0.13229571984435798,False,True,514,68,0.13229571984435798,2.715868283363483,0.13229571984435798,"{'model_type': 'indoor', 'confidence_threshold': 0.9, 'ratio_threshold': 0.45}","{'model_type': 'indoor', 'confidence_threshold': 0.9, 'ratio_threshold': 0.45, 'pair_id': 'MMU-Iris_impostor_59', 'identity1': '24', 'identity2': '33', 'dataset_name': 'MMU-Iris'}",1772025737.3696349
LoFTR_indoor,iris,False,0.13018867924528302,False,True,530,69,0.13018867924528302,2.6895911114053415,0.13018867924528302,"{'model_type': 'indoor', 'confidence_threshold': 0.9, 'ratio_threshold': 0.45}","{'model_type': 'indoor', 'confidence_threshold': 0.9, 'ratio_threshold': 0.45, 'pair_id': 'MMU-Iris_impostor_60', 'identity1': '23', 'identity2': '9', 'dataset_name': 'MMU-Iris'}",1772025737.7312703
LoFTR_indoor,iris,False,0.08362989323843416,False,True,562,47,0.08362989323843416,2.221372706393572,0.08362989323843416,"{'model_type': 'indoor', 'confidence_threshold': 0.9, 'ratio_threshold': 0.45}","{'model_type': 'indoor', 'confidence_threshold': 0.9, 'ratio_threshold': 0.45, 'pair_id': 'MMU-Iris_impostor_61', 'identity1': '25', 'identity2': '12', 'dataset_name': 'MMU-Iris'}",1772025738.0969236
LoFTR_indoor,iris,False,0.11728395061728394,False,True,324,38,0.11728395061728394,2.1318658902244407,0.11728395061728394,"{'model_type': 'indoor', 'confidence_threshold': 0.9, 'ratio_threshold': 0.45}","{'model_type': 'indoor', 'confidence_threshold': 0.9, 'ratio_threshold': 0.45, 'pair_id': 'MMU-Iris_impostor_62', 'identity1': '35', 'identity2': '30', 'dataset_name': 'MMU-Iris'}",1772025738.452125
LoFTR_indoor,iris,False,0.19432120674356698,False,True,1127,219,0.19432120674356698,2.6366918565868445,0.19432120674356698,"{'model_type': 'indoor', 'confidence_threshold': 0.9, 'ratio_threshold': 0.45}","{'model_type': 'indoor', 'confidence_threshold': 0.9, 'ratio_threshold': 0.45, 'pair_id': 'MMU-Iris_impostor_63', 'identity1': '36', 'identity2': '28', 'dataset_name': 'MMU-Iris'}",1772025738.863027
LoFTR_indoor,iris,False,0.08442776735459662,False,True,533,45,0.08442776735459662,2.0982521017183924,0.08442776735459662,"{'model_type': 'indoor', 'confidence_threshold': 0.9, 'ratio_threshold': 0.45}","{'model_type': 'indoor', 'confidence_threshold': 0.9, 'ratio_threshold': 0.45, 'pair_id': 'MMU-Iris_impostor_64', 'identity1': '43', 'identity2': '7', 'dataset_name': 'MMU-Iris'}",1772025739.2542617
LoFTR_indoor,iris,False,0.13831258644536654,False,True,723,100,0.13831258644536654,2.4976762849585437,0.13831258644536654,"{'model_type': 'indoor', 'confidence_threshold': 0.9, 'ratio_threshold': 0.45}","{'model_type': 'indoor', 'confidence_threshold': 0.9, 'ratio_threshold': 0.45, 'pair_id': 'MMU-Iris_impostor_65', 'identity1': '28', 'identity2': '6', 'dataset_name': 'MMU-Iris'}",1772025739.6725926
LoFTR_indoor,iris,False,0.13399153737658676,False,True,709,95,0.13399153737658676,2.4566752010831454,0.13399153737658676,"{'model_type': 'indoor', 'confidence_threshold': 0.9, 'ratio_threshold': 0.45}","{'model_type': 'indoor', 'confidence_threshold': 0.9, 'ratio_threshold': 0.45, 'pair_id': 'MMU-Iris_impostor_66', 'identity1': '43', 'identity2': '6', 'dataset_name': 'MMU-Iris'}",1772025740.0894785
LoFTR_indoor,iris,False,0.09188361408882083,False,True,653,60,0.09188361408882083,1.881989806873825,0.09188361408882083,"{'model_type': 'indoor', 'confidence_threshold': 0.9, 'ratio_threshold': 0.45}","{'model_type': 'indoor', 'confidence_threshold': 0.9, 'ratio_threshold': 0.45, 'pair_id': 'MMU-Iris_impostor_67', 'identity1': '41', 'identity2': '32', 'dataset_name': 'MMU-Iris'}",1772025740.6443694
LoFTR_indoor,iris,False,0.15588235294117647,False,True,680,106,0.15588235294117647,2.9843299997455808,0.15588235294117647,"{'model_type': 'indoor', 'confidence_threshold': 0.9, 'ratio_threshold': 0.45}","{'model_type': 'indoor', 'confidence_threshold': 0.9, 'ratio_threshold': 0.45, 'pair_id': 'MMU-Iris_impostor_68', 'identity1': '8', 'identity2': '6', 'dataset_name': 'MMU-Iris'}",1772025741.9050138
LoFTR_indoor,iris,False,0.14960629921259844,False,True,254,38,0.14960629921259844,2.4610831124077777,0.14960629921259844,"{'model_type': 'indoor', 'confidence_threshold': 0.9, 'ratio_threshold': 0.45}","{'model_type': 'indoor', 'confidence_threshold': 0.9, 'ratio_threshold': 0.45, 'pair_id': 'MMU-Iris_impostor_69', 'identity1': '5', 'identity2': '25', 'dataset_name': 'MMU-Iris'}",1772025742.9900923
LoFTR_indoor,iris,False,0.15021459227467812,False,True,699,105,0.15021459227467812,2.7383698840405417,0.15021459227467812,"{'model_type': 'indoor', 'confidence_threshold': 0.9, 'ratio_threshold': 0.45}","{'model_type': 'indoor', 'confidence_threshold': 0.9, 'ratio_threshold': 0.45, 'pair_id': 'MMU-Iris_impostor_70', 'identity1': '23', 'identity2': '35', 'dataset_name': 'MMU-Iris'}",1772025744.1420138
LoFTR_indoor,iris,False,0.10638297872340426,False,True,329,35,0.10638297872340426,2.925962686497278,0.10638297872340426,"{'model_type': 'indoor', 'confidence_threshold': 0.9, 'ratio_threshold': 0.45}","{'model_type': 'indoor', 'confidence_threshold': 0.9, 'ratio_threshold': 0.45, 'pair_id': 'MMU-Iris_impostor_71', 'identity1': '37', 'identity2': '22', 'dataset_name': 'MMU-Iris'}",1772025745.2637346
LoFTR_indoor,iris,False,0.13846153846153847,False,True,910,126,0.13846153846153847,2.705579444892262,0.13846153846153847,"{'model_type': 'indoor', 'confidence_threshold': 0.9, 'ratio_threshold': 0.45}","{'model_type': 'indoor', 'confidence_threshold': 0.9, 'ratio_threshold': 0.45, 'pair_id': 'MMU-Iris_impostor_72', 'identity1': '39', 'identity2': '32', 'dataset_name': 'MMU-Iris'}",1772025746.1016748
LoFTR_indoor,iris,False,0.14512471655328799,False,True,882,128,0.14512471655328799,3.0284658665235398,0.14512471655328799,"{'model_type': 'indoor', 'confidence_threshold': 0.9, 'ratio_threshold': 0.45}","{'model_type': 'indoor', 'confidence_threshold': 0.9, 'ratio_threshold': 0.45, 'pair_id': 'MMU-Iris_impostor_73', 'identity1': '41', 'identity2': '21', 'dataset_name': 'MMU-Iris'}",1772025746.4786677
LoFTR_indoor,iris,False,0.13703703703703704,False,True,540,74,0.13703703703703704,2.7088239787262807,0.13703703703703704,"{'model_type': 'indoor', 'confidence_threshold': 0.9, 'ratio_threshold': 0.45}","{'model_type': 'indoor', 'confidence_threshold': 0.9, 'ratio_threshold': 0.45, 'pair_id': 'MMU-Iris_impostor_74', 'identity1': '22', 'identity2': '1', 'dataset_name': 'MMU-Iris'}",1772025746.8480654
LoFTR_indoor,iris,False,0.18567961165048544,False,True,824,153,0.18567961165048544,2.632566498256123,0.18567961165048544,"{'model_type': 'indoor', 'confidence_threshold': 0.9, 'ratio_threshold': 0.45}","{'model_type': 'indoor', 'confidence_threshold': 0.9, 'ratio_threshold': 0.45, 'pair_id': 'MMU-Iris_impostor_75', 'identity1': '32', 'identity2': '14', 'dataset_name': 'MMU-Iris'}",1772025747.2261057
LoFTR_indoor,iris,False,0.19705882352941176,False,True,680,134,0.19705882352941176,2.3149463881637513,0.19705882352941176,"{'model_type': 'indoor', 'confidence_threshold': 0.9, 'ratio_threshold': 0.45}","{'model_type': 'indoor', 'confidence_threshold': 0.9, 'ratio_threshold': 0.45, 'pair_id': 'MMU-Iris_impostor_76', 'identity1': '14', 'identity2': '19', 'dataset_name': 'MMU-Iris'}",1772025747.5954444
LoFTR_indoor,iris,False,0.14072847682119205,False,True,604,85,0.14072847682119205,2.4954598690478544,0.14072847682119205,"{'model_type': 'indoor', 'confidence_threshold': 0.9, 'ratio_threshold': 0.45}","{'model_type': 'indoor', 'confidence_threshold': 0.9, 'ratio_threshold': 0.45, 'pair_id': 'MMU-Iris_impostor_77', 'identity1': '19', 'identity2': '5', 'dataset_name': 'MMU-Iris'}",1772025747.9744442
LoFTR_indoor,iris,False,0.15294117647058825,False,True,765,117,0.15294117647058825,2.482679302890145,0.15294117647058825,"{'model_type': 'indoor', 'confidence_threshold': 0.9, 'ratio_threshold': 0.45}","{'model_type': 'indoor', 'confidence_threshold': 0.9, 'ratio_threshold': 0.45, 'pair_id': 'MMU-Iris_impostor_78', 'identity1': '18', 'identity2': '38', 'dataset_name': 'MMU-Iris'}",1772025748.366962
LoFTR_indoor,iris,False,0.14150943396226415,False,True,318,45,0.14150943396226415,2.51280963325135,0.14150943396226415,"{'model_type': 'indoor', 'confidence_threshold': 0.9, 'ratio_threshold': 0.45}","{'model_type': 'indoor', 'confidence_threshold': 0.9, 'ratio_threshold': 0.45, 'pair_id': 'MMU-Iris_impostor_79', 'identity1': '36', 'identity2': '9', 'dataset_name': 'MMU-Iris'}",1772025748.6980755
LoFTR_indoor,iris,False,0.15837937384898712,False,True,543,86,0.15837937384898712,2.1662602492777934,0.15837937384898712,"{'model_type': 'indoor', 'confidence_threshold': 0.9, 'ratio_threshold': 0.45}","{'model_type': 'indoor', 'confidence_threshold': 0.9, 'ratio_threshold': 0.45, 'pair_id': 'MMU-Iris_impostor_80', 'identity1': '44', 'identity2': '10', 'dataset_name': 'MMU-Iris'}",1772025749.0749557
LoFTR_indoor,iris,False,0.1956769055745165,False,True,879,172,0.1956769055745165,1.811309495680591,0.1956769055745165,"{'model_type': 'indoor', 'confidence_threshold': 0.9, 'ratio_threshold': 0.45}","{'model_type': 'indoor', 'confidence_threshold': 0.9, 'ratio_threshold': 0.45, 'pair_id': 'MMU-Iris_impostor_81', 'identity1': '36', 'identity2': '42', 'dataset_name': 'MMU-Iris'}",1772025749.4650126
LoFTR_indoor,iris,False,0.08316831683168317,False,True,505,42,0.08316831683168317,2.5332383452446083,0.08316831683168317,"{'model_type': 'indoor', 'confidence_threshold': 0.9, 'ratio_threshold': 0.45}","{'model_type': 'indoor', 'confidence_threshold': 0.9, 'ratio_threshold': 0.45, 'pair_id': 'MMU-Iris_impostor_82', 'identity1': '16', 'identity2': '8', 'dataset_name': 'MMU-Iris'}",1772025750.2907684
LoFTR_indoor,iris,False,0.0876923076923077,False,True,650,57,0.0876923076923077,2.8194048492730746,0.0876923076923077,"{'model_type': 'indoor', 'confidence_threshold': 0.9, 'ratio_threshold': 0.45}","{'model_type': 'indoor', 'confidence_threshold': 0.9, 'ratio_threshold': 0.45, 'pair_id': 'MMU-Iris_impostor_83', 'identity1': '18', 'identity2': '19', 'dataset_name': 'MMU-Iris'}",1772025751.465221
LoFTR_indoor,iris,False,0.145,False,True,600,87,0.145,2.517018679476112,0.145,"{'model_type': 'indoor', 'confidence_threshold': 0.9, 'ratio_threshold': 0.45}","{'model_type': 'indoor', 'confidence_threshold': 0.9, 'ratio_threshold': 0.45, 'pair_id': 'MMU-Iris_impostor_84', 'identity1': '27', 'identity2': '32', 'dataset_name': 'MMU-Iris'}",1772025752.5961418
LoFTR_indoor,iris,False,0.1079646017699115,False,True,565,61,0.1079646017699115,2.1718200293095307,0.1079646017699115,"{'model_type': 'indoor', 'confidence_threshold': 0.9, 'ratio_threshold': 0.45}","{'model_type': 'indoor', 'confidence_threshold': 0.9, 'ratio_threshold': 0.45, 'pair_id': 'MMU-Iris_impostor_85', 'identity1': '42', 'identity2': '40', 'dataset_name': 'MMU-Iris'}",1772025753.6722445
LoFTR_indoor,iris,False,0.0997624703087886,False,True,421,42,0.0997624703087886,2.6771741968712925,0.0997624703087886,"{'model_type': 'indoor', 'confidence_threshold': 0.9, 'ratio_threshold': 0.45}","{'model_type': 'indoor', 'confidence_threshold': 0.9, 'ratio_threshold': 0.45, 'pair_id': 'MMU-Iris_impostor_86', 'identity1': '19', 'identity2': '10', 'dataset_name': 'MMU-Iris'}",1772025754.7330444
LoFTR_indoor,iris,False,0.07777777777777778,False,True,450,35,0.07777777777777778,2.283505985228373,0.07777777777777778,"{'model_type': 'indoor', 'confidence_threshold': 0.9, 'ratio_threshold': 0.45}","{'model_type': 'indoor', 'confidence_threshold': 0.9, 'ratio_threshold': 0.45, 'pair_id': 'MMU-Iris_impostor_87', 'identity1': '13', 'identity2': '10', 'dataset_name': 'MMU-Iris'}",1772025755.8805923
LoFTR_indoor,iris,False,0.17405582922824303,False,True,609,106,0.17405582922824303,1.9188546912623126,0.17405582922824303,"{'model_type': 'indoor', 'confidence_threshold': 0.9, 'ratio_threshold': 0.45}","{'model_type': 'indoor', 'confidence_threshold': 0.9, 'ratio_threshold': 0.45, 'pair_id': 'MMU-Iris_impostor_88', 'identity1': '38', 'identity2': '26', 'dataset_name': 'MMU-Iris'}",1772025757.023567
LoFTR_indoor,iris,False,0.11948331539289558,False,True,929,111,0.11948331539289558,2.6068089752066674,0.11948331539289558,"{'model_type': 'indoor', 'confidence_threshold': 0.9, 'ratio_threshold': 0.45}","{'model_type': 'indoor', 'confidence_threshold': 0.9, 'ratio_threshold': 0.45, 'pair_id': 'MMU-Iris_impostor_89', 'identity1': '25', 'identity2': '18', 'dataset_name': 'MMU-Iris'}",1772025758.2043827
LoFTR_indoor,iris,False,0.14385964912280702,False,True,570,82,0.14385964912280702,2.8312491367035975,0.14385964912280702,"{'model_type': 'indoor', 'confidence_threshold': 0.9, 'ratio_threshold': 0.45}","{'model_type': 'indoor', 'confidence_threshold': 0.9, 'ratio_threshold': 0.45, 'pair_id': 'MMU-Iris_impostor_90', 'identity1': '22', 'identity2': '14', 'dataset_name': 'MMU-Iris'}",1772025759.289542
LoFTR_indoor,iris,False,0.148014440433213,False,True,277,41,0.148014440433213,2.7281099568560547,0.148014440433213,"{'model_type': 'indoor', 'confidence_threshold': 0.9, 'ratio_threshold': 0.45}","{'model_type': 'indoor', 'confidence_threshold': 0.9, 'ratio_threshold': 0.45, 'pair_id': 'MMU-Iris_impostor_91', 'identity1': '5', 'identity2': '7', 'dataset_name': 'MMU-Iris'}",1772025760.2798743
LoFTR_indoor,iris,False,0.12947658402203857,False,True,363,47,0.12947658402203857,2.8427154626724165,0.12947658402203857,"{'model_type': 'indoor', 'confidence_threshold': 0.9, 'ratio_threshold': 0.45}","{'model_type': 'indoor', 'confidence_threshold': 0.9, 'ratio_threshold': 0.45, 'pair_id': 'MMU-Iris_impostor_92', 'identity1': '6', 'identity2': '30', 'dataset_name': 'MMU-Iris'}",1772025761.3849628
LoFTR_indoor,iris,False,0.15568862275449102,False,True,835,130,0.15568862275449102,2.8095678798004937,0.15568862275449102,"{'model_type': 'indoor', 'confidence_threshold': 0.9, 'ratio_threshold': 0.45}","{'model_type': 'indoor', 'confidence_threshold': 0.9, 'ratio_threshold': 0.45, 'pair_id': 'MMU-Iris_impostor_93', 'identity1': '23', 'identity2': '16', 'dataset_name': 'MMU-Iris'}",1772025762.78188
LoFTR_indoor,iris,False,0.11848341232227488,False,True,633,75,0.11848341232227488,2.571111398063895,0.11848341232227488,"{'model_type': 'indoor', 'confidence_threshold': 0.9, 'ratio_threshold': 0.45}","{'model_type': 'indoor', 'confidence_threshold': 0.9, 'ratio_threshold': 0.45, 'pair_id': 'MMU-Iris_impostor_94', 'identity1': '36', 'identity2': '19', 'dataset_name': 'MMU-Iris'}",1772025764.0394602
LoFTR_indoor,iris,False,0.11530398322851153,False,True,477,55,0.11530398322851153,2.407748027590818,0.11530398322851153,"{'model_type': 'indoor', 'confidence_threshold': 0.9, 'ratio_threshold': 0.45}","{'model_type': 'indoor', 'confidence_threshold': 0.9, 'ratio_threshold': 0.45, 'pair_id': 'MMU-Iris_impostor_95', 'identity1': '13', 'identity2': '7', 'dataset_name': 'MMU-Iris'}",1772025765.2010117
LoFTR_indoor,iris,False,0.11526479750778816,False,True,642,74,0.11526479750778816,2.3869473061533504,0.11526479750778816,"{'model_type': 'indoor', 'confidence_threshold': 0.9, 'ratio_threshold': 0.45}","{'model_type': 'indoor', 'confidence_threshold': 0.9, 'ratio_threshold': 0.45, 'pair_id': 'MMU-Iris_impostor_96', 'identity1': '15', 'identity2': '18', 'dataset_name': 'MMU-Iris'}",1772025766.3449256
LoFTR_indoor,iris,False,0.2249705535924617,False,True,849,191,0.2249705535924617,2.665478925279766,0.2249705535924617,"{'model_type': 'indoor', 'confidence_threshold': 0.9, 'ratio_threshold': 0.45}","{'model_type': 'indoor', 'confidence_threshold': 0.9, 'ratio_threshold': 0.45, 'pair_id': 'MMU-Iris_impostor_97', 'identity1': '1', 'identity2': '14', 'dataset_name': 'MMU-Iris'}",1772025767.5523643
LoFTR_indoor,iris,False,0.15742128935532235,False,True,667,105,0.15742128935532235,2.949986353811464,0.15742128935532235,"{'model_type': 'indoor', 'confidence_threshold': 0.9, 'ratio_threshold': 0.45}","{'model_type': 'indoor', 'confidence_threshold': 0.9, 'ratio_threshold': 0.45, 'pair_id': 'MMU-Iris_impostor_98', 'identity1': '12', 'identity2': '7', 'dataset_name': 'MMU-Iris'}",1772025768.6723423
LoFTR_indoor,iris,False,0.15,False,True,440,66,0.15,2.8908202306433743,0.15,"{'model_type': 'indoor', 'confidence_threshold': 0.9, 'ratio_threshold': 0.45}","{'model_type': 'indoor', 'confidence_threshold': 0.9, 'ratio_threshold': 0.45, 'pair_id': 'MMU-Iris_impostor_99', 'identity1': '9', 'identity2': '38', 'dataset_name': 'MMU-Iris'}",1772025769.7399867
