matcher,probe_record_id,probe_sample_id,probe_identity,rank_of_true_identity,rank_1_hit,gallery_size,ranking_strategy,samples_per_gallery,aggregation_method,top_5_identities
loftr,4,Multi-PIE::164::164_01_01_110_05_crop_128,164,1,True,50,cascade,multiple,mean,164;151;007;190;029
orb-fingervein,4,Multi-PIE::164::164_01_01_110_05_crop_128,164,1,True,50,cascade,multiple,mean,164;029;007;234;041
sift-fingervein,4,Multi-PIE::164::164_01_01_110_05_crop_128,164,1,True,50,cascade,multiple,mean,164;140;234;051;151
superglue-fingervein,4,Multi-PIE::164::164_01_01_110_05_crop_128,164,1,True,50,cascade,multiple,mean,164;167;007;190;151
sgmnet-fingervein,4,Multi-PIE::164::164_01_01_110_05_crop_128,164,1,True,50,cascade,multiple,mean,164;051;234;167;058
aspanformer,4,Multi-PIE::164::164_01_01_110_05_crop_128,164,1,True,50,cascade,multiple,mean,164;029;190;058;041
deepdetect,4,Multi-PIE::164::164_01_01_110_05_crop_128,164,1,True,50,cascade,multiple,mean,164;167;130;041;029
loftr,8,Multi-PIE::029::029_01_01_110_07_crop_128,029,1,True,50,cascade,multiple,mean,029;027;164;058;057
orb-fingervein,8,Multi-PIE::029::029_01_01_110_07_crop_128,029,1,True,50,cascade,multiple,mean,029;108;179;027;058
sift-fingervein,8,Multi-PIE::029::029_01_01_110_07_crop_128,029,1,True,50,cascade,multiple,mean,029;164;057;058;027
superglue-fingervein,8,Multi-PIE::029::029_01_01_110_07_crop_128,029,1,True,50,cascade,multiple,mean,029;179;164;009;058
sgmnet-fingervein,8,Multi-PIE::029::029_01_01_110_07_crop_128,029,1,True,50,cascade,multiple,mean,029;056;140;058;024
aspanformer,8,Multi-PIE::029::029_01_01_110_07_crop_128,029,2,False,50,cascade,multiple,mean,164;029;108;009;058
deepdetect,8,Multi-PIE::029::029_01_01_110_07_crop_128,029,1,True,50,cascade,multiple,mean,029;007;027;164;009
loftr,12,Multi-PIE::007::007_01_01_110_05_crop_128,007,1,True,50,cascade,multiple,mean,007;115;164;023;155
orb-fingervein,12,Multi-PIE::007::007_01_01_110_05_crop_128,007,1,True,50,cascade,multiple,mean,007;027;108;023;164
sift-fingervein,12,Multi-PIE::007::007_01_01_110_05_crop_128,007,1,True,50,cascade,multiple,mean,007;155;023;027;051
superglue-fingervein,12,Multi-PIE::007::007_01_01_110_05_crop_128,007,1,True,50,cascade,multiple,mean,007;164;115;029;027
sgmnet-fingervein,12,Multi-PIE::007::007_01_01_110_05_crop_128,007,1,True,50,cascade,multiple,mean,007;023;051;164;029
aspanformer,12,Multi-PIE::007::007_01_01_110_05_crop_128,007,1,True,50,cascade,multiple,mean,007;108;208;056;029
deepdetect,12,Multi-PIE::007::007_01_01_110_05_crop_128,007,1,True,50,cascade,multiple,mean,007;155;179;029;009
loftr,16,Multi-PIE::190::190_01_01_110_05_crop_128,190,1,True,50,cascade,multiple,mean,190;180;208;071;007
orb-fingervein,16,Multi-PIE::190::190_01_01_110_05_crop_128,190,1,True,50,cascade,multiple,mean,190;130;027;180;189
sift-fingervein,16,Multi-PIE::190::190_01_01_110_05_crop_128,190,1,True,50,cascade,multiple,mean,190;029;180;063;007
superglue-fingervein,16,Multi-PIE::190::190_01_01_110_05_crop_128,190,1,True,50,cascade,multiple,mean,190;234;071;208;164
sgmnet-fingervein,16,Multi-PIE::190::190_01_01_110_05_crop_128,190,1,True,50,cascade,multiple,mean,190;164;058;234;063
aspanformer,16,Multi-PIE::190::190_01_01_110_05_crop_128,190,1,True,50,cascade,multiple,mean,190;027;189;164;180
deepdetect,16,Multi-PIE::190::190_01_01_110_05_crop_128,190,1,True,50,cascade,multiple,mean,190;180;058;029;027
loftr,20,Multi-PIE::071::071_01_01_110_07_crop_128,071,1,True,50,cascade,multiple,mean,071;058;207;190;088
orb-fingervein,20,Multi-PIE::071::071_01_01_110_07_crop_128,071,1,True,50,cascade,multiple,mean,071;108;057;036;051
sift-fingervein,20,Multi-PIE::071::071_01_01_110_07_crop_128,071,1,True,50,cascade,multiple,mean,071;144;190;109;040
superglue-fingervein,20,Multi-PIE::071::071_01_01_110_07_crop_128,071,1,True,50,cascade,multiple,mean,071;190;207;058;088
sgmnet-fingervein,20,Multi-PIE::071::071_01_01_110_07_crop_128,071,1,True,50,cascade,multiple,mean,071;190;051;040;108
aspanformer,20,Multi-PIE::071::071_01_01_110_07_crop_128,071,1,True,50,cascade,multiple,mean,071;109;108;040;088
deepdetect,20,Multi-PIE::071::071_01_01_110_07_crop_128,071,1,True,50,cascade,multiple,mean,071;108;056;087;058
loftr,24,Multi-PIE::063::063_01_01_110_06_crop_128,063,1,True,50,cascade,multiple,mean,063;180;164;040;195
orb-fingervein,24,Multi-PIE::063::063_01_01_110_06_crop_128,063,1,True,50,cascade,multiple,mean,063;144;180;195;190
sift-fingervein,24,Multi-PIE::063::063_01_01_110_06_crop_128,063,1,True,50,cascade,multiple,mean,063;215;151;009;144
superglue-fingervein,24,Multi-PIE::063::063_01_01_110_06_crop_128,063,1,True,50,cascade,multiple,mean,063;009;144;164;180
sgmnet-fingervein,24,Multi-PIE::063::063_01_01_110_06_crop_128,063,1,True,50,cascade,multiple,mean,063;190;057;051;164
aspanformer,24,Multi-PIE::063::063_01_01_110_06_crop_128,063,1,True,50,cascade,multiple,mean,063;195;051;164;007
deepdetect,24,Multi-PIE::063::063_01_01_110_06_crop_128,063,1,True,50,cascade,multiple,mean,063;029;051;215;180
loftr,28,Multi-PIE::058::058_01_01_110_05_crop_128,058,1,True,50,cascade,multiple,mean,058;196;041;029;040
orb-fingervein,28,Multi-PIE::058::058_01_01_110_05_crop_128,058,1,True,50,cascade,multiple,mean,058;036;151;041;215
sift-fingervein,28,Multi-PIE::058::058_01_01_110_05_crop_128,058,1,True,50,cascade,multiple,mean,058;040;036;041;060
superglue-fingervein,28,Multi-PIE::058::058_01_01_110_05_crop_128,058,1,True,50,cascade,multiple,mean,058;041;184;196;036
sgmnet-fingervein,28,Multi-PIE::058::058_01_01_110_05_crop_128,058,1,True,50,cascade,multiple,mean,058;184;151;002;196
aspanformer,28,Multi-PIE::058::058_01_01_110_05_crop_128,058,1,True,50,cascade,multiple,mean,058;184;041;029;130
deepdetect,28,Multi-PIE::058::058_01_01_110_05_crop_128,058,1,True,50,cascade,multiple,mean,058;029;041;040;130
loftr,32,Multi-PIE::036::036_01_01_110_07_crop_128,036,1,True,50,cascade,multiple,mean,036;057;196;164;029
orb-fingervein,32,Multi-PIE::036::036_01_01_110_07_crop_128,036,1,True,50,cascade,multiple,mean,036;108;155;071;057
sift-fingervein,32,Multi-PIE::036::036_01_01_110_07_crop_128,036,1,True,50,cascade,multiple,mean,036;144;087;234;029
superglue-fingervein,32,Multi-PIE::036::036_01_01_110_07_crop_128,036,1,True,50,cascade,multiple,mean,036;164;009;029;196
sgmnet-fingervein,32,Multi-PIE::036::036_01_01_110_07_crop_128,036,1,True,50,cascade,multiple,mean,036;164;196;029;009
aspanformer,32,Multi-PIE::036::036_01_01_110_07_crop_128,036,1,True,50,cascade,multiple,mean,036;155;144;009;164
deepdetect,32,Multi-PIE::036::036_01_01_110_07_crop_128,036,1,True,50,cascade,multiple,mean,036;087;029;140;155
loftr,36,Multi-PIE::189::189_01_01_110_05_crop_128,189,1,True,50,cascade,multiple,mean,189;164;024;190;007
orb-fingervein,36,Multi-PIE::189::189_01_01_110_05_crop_128,189,1,True,50,cascade,multiple,mean,189;130;247;036;058
sift-fingervein,36,Multi-PIE::189::189_01_01_110_05_crop_128,189,1,True,50,cascade,multiple,mean,189;140;071;036;130
superglue-fingervein,36,Multi-PIE::189::189_01_01_110_05_crop_128,189,1,True,50,cascade,multiple,mean,189;164;088;029;024
sgmnet-fingervein,36,Multi-PIE::189::189_01_01_110_05_crop_128,189,1,True,50,cascade,multiple,mean,189;247;164;088;007
aspanformer,36,Multi-PIE::189::189_01_01_110_05_crop_128,189,1,True,50,cascade,multiple,mean,189;007;164;190;036
deepdetect,36,Multi-PIE::189::189_01_01_110_05_crop_128,189,1,True,50,cascade,multiple,mean,189;029;007;140;063
loftr,40,Multi-PIE::027::027_01_01_110_08_crop_128,027,1,True,50,cascade,multiple,mean,027;009;041;247;190
orb-fingervein,40,Multi-PIE::027::027_01_01_110_08_crop_128,027,1,True,50,cascade,multiple,mean,027;041;058;009;247
sift-fingervein,40,Multi-PIE::027::027_01_01_110_08_crop_128,027,1,True,50,cascade,multiple,mean,027;041;144;155;058
superglue-fingervein,40,Multi-PIE::027::027_01_01_110_08_crop_128,027,1,True,50,cascade,multiple,mean,027;190;009;041;164
sgmnet-fingervein,40,Multi-PIE::027::027_01_01_110_08_crop_128,027,1,True,50,cascade,multiple,mean,027;190;155;174;247
aspanformer,40,Multi-PIE::027::027_01_01_110_08_crop_128,027,1,True,50,cascade,multiple,mean,027;247;058;041;164
deepdetect,40,Multi-PIE::027::027_01_01_110_08_crop_128,027,1,True,50,cascade,multiple,mean,027;164;087;155;234
loftr,44,Multi-PIE::174::174_01_01_110_06_crop_128,174,1,True,50,cascade,multiple,mean,174;007;071;029;155
orb-fingervein,44,Multi-PIE::174::174_01_01_110_06_crop_128,174,1,True,50,cascade,multiple,mean,174;063;027;190;108
sift-fingervein,44,Multi-PIE::174::174_01_01_110_06_crop_128,174,1,True,50,cascade,multiple,mean,174;167;029;115;189
superglue-fingervein,44,Multi-PIE::174::174_01_01_110_06_crop_128,174,1,True,50,cascade,multiple,mean,174;007;029;115;167
sgmnet-fingervein,44,Multi-PIE::174::174_01_01_110_06_crop_128,174,1,True,50,cascade,multiple,mean,174;027;155;036;063
aspanformer,44,Multi-PIE::174::174_01_01_110_06_crop_128,174,1,True,50,cascade,multiple,mean,174;189;063;027;167
deepdetect,44,Multi-PIE::174::174_01_01_110_06_crop_128,174,1,True,50,cascade,multiple,mean,174;036;155;027;058
loftr,48,Multi-PIE::247::247_01_01_110_06_crop_128,247,1,True,50,cascade,multiple,mean,247;029;088;058;071
orb-fingervein,48,Multi-PIE::247::247_01_01_110_06_crop_128,247,1,True,50,cascade,multiple,mean,247;151;057;230;058
sift-fingervein,48,Multi-PIE::247::247_01_01_110_06_crop_128,247,1,True,50,cascade,multiple,mean,247;057;036;040;151
superglue-fingervein,48,Multi-PIE::247::247_01_01_110_06_crop_128,247,1,True,50,cascade,multiple,mean,247;058;071;029;036
sgmnet-fingervein,48,Multi-PIE::247::247_01_01_110_06_crop_128,247,1,True,50,cascade,multiple,mean,247;248;071;140;072
aspanformer,48,Multi-PIE::247::247_01_01_110_06_crop_128,247,1,True,50,cascade,multiple,mean,247;058;151;029;040
deepdetect,48,Multi-PIE::247::247_01_01_110_06_crop_128,247,1,True,50,cascade,multiple,mean,247;088;140;040;029
loftr,52,Multi-PIE::230::230_01_01_110_05_crop_128,230,1,True,50,cascade,multiple,mean,230;195;164;051;002
orb-fingervein,52,Multi-PIE::230::230_01_01_110_05_crop_128,230,1,True,50,cascade,multiple,mean,230;002;234;215;190
sift-fingervein,52,Multi-PIE::230::230_01_01_110_05_crop_128,230,1,True,50,cascade,multiple,mean,230;215;130;190;208
superglue-fingervein,52,Multi-PIE::230::230_01_01_110_05_crop_128,230,1,True,50,cascade,multiple,mean,230;195;051;002;164
sgmnet-fingervein,52,Multi-PIE::230::230_01_01_110_05_crop_128,230,1,True,50,cascade,multiple,mean,230;208;002;060;167
aspanformer,52,Multi-PIE::230::230_01_01_110_05_crop_128,230,1,True,50,cascade,multiple,mean,230;060;155;208;036
deepdetect,52,Multi-PIE::230::230_01_01_110_05_crop_128,230,1,True,50,cascade,multiple,mean,230;036;208;234;002
loftr,56,Multi-PIE::140::140_01_01_110_06_crop_128,140,1,True,50,cascade,multiple,mean,140;196;190;238;195
orb-fingervein,56,Multi-PIE::140::140_01_01_110_06_crop_128,140,1,True,50,cascade,multiple,mean,140;247;195;115;238
sift-fingervein,56,Multi-PIE::140::140_01_01_110_06_crop_128,140,1,True,50,cascade,multiple,mean,140;115;230;196;190
superglue-fingervein,56,Multi-PIE::140::140_01_01_110_06_crop_128,140,1,True,50,cascade,multiple,mean,140;164;247;151;195
sgmnet-fingervein,56,Multi-PIE::140::140_01_01_110_06_crop_128,140,1,True,50,cascade,multiple,mean,140;151;029;195;230
aspanformer,56,Multi-PIE::140::140_01_01_110_06_crop_128,140,1,True,50,cascade,multiple,mean,140;007;151;164;230
deepdetect,56,Multi-PIE::140::140_01_01_110_06_crop_128,140,1,True,50,cascade,multiple,mean,140;007;036;029;238
loftr,60,Multi-PIE::023::023_01_01_110_08_crop_128,023,1,True,50,cascade,multiple,mean,023;041;058;164;071
orb-fingervein,60,Multi-PIE::023::023_01_01_110_08_crop_128,023,1,True,50,cascade,multiple,mean,023;041;063;056;208
sift-fingervein,60,Multi-PIE::023::023_01_01_110_08_crop_128,023,1,True,50,cascade,multiple,mean,023;056;109;108;041
superglue-fingervein,60,Multi-PIE::023::023_01_01_110_08_crop_128,023,1,True,50,cascade,multiple,mean,023;190;041;208;063
sgmnet-fingervein,60,Multi-PIE::023::023_01_01_110_08_crop_128,023,1,True,50,cascade,multiple,mean,023;058;063;029;190
aspanformer,60,Multi-PIE::023::023_01_01_110_08_crop_128,023,1,True,50,cascade,multiple,mean,023;108;024;007;164
deepdetect,60,Multi-PIE::023::023_01_01_110_08_crop_128,023,1,True,50,cascade,multiple,mean,023;208;024;108;056
loftr,64,Multi-PIE::152::152_01_01_110_07_crop_128,152,1,True,50,cascade,multiple,mean,152;140;230;164;063
orb-fingervein,64,Multi-PIE::152::152_01_01_110_07_crop_128,152,1,True,50,cascade,multiple,mean,152;164;007;196;190
sift-fingervein,64,Multi-PIE::152::152_01_01_110_07_crop_128,152,1,True,50,cascade,multiple,mean,152;115;196;140;189
superglue-fingervein,64,Multi-PIE::152::152_01_01_110_07_crop_128,152,1,True,50,cascade,multiple,mean,152;115;063;140;007
sgmnet-fingervein,64,Multi-PIE::152::152_01_01_110_07_crop_128,152,1,True,50,cascade,multiple,mean,152;190;115;230;189
aspanformer,64,Multi-PIE::152::152_01_01_110_07_crop_128,152,1,True,50,cascade,multiple,mean,152;190;029;164;115
deepdetect,64,Multi-PIE::152::152_01_01_110_07_crop_128,152,1,True,50,cascade,multiple,mean,152;087;164;029;036
loftr,68,Multi-PIE::109::109_01_01_110_05_crop_128,109,1,True,50,cascade,multiple,mean,109;196;164;041;051
orb-fingervein,68,Multi-PIE::109::109_01_01_110_05_crop_128,109,1,True,50,cascade,multiple,mean,109;215;041;036;072
sift-fingervein,68,Multi-PIE::109::109_01_01_110_05_crop_128,109,1,True,50,cascade,multiple,mean,109;208;051;072;041
superglue-fingervein,68,Multi-PIE::109::109_01_01_110_05_crop_128,109,1,True,50,cascade,multiple,mean,109;247;167;041;063
sgmnet-fingervein,68,Multi-PIE::109::109_01_01_110_05_crop_128,109,1,True,50,cascade,multiple,mean,109;164;167;063;040
aspanformer,68,Multi-PIE::109::109_01_01_110_05_crop_128,109,1,True,50,cascade,multiple,mean,109;063;215;196;072
deepdetect,68,Multi-PIE::109::109_01_01_110_05_crop_128,109,1,True,50,cascade,multiple,mean,109;180;051;041;040
loftr,72,Multi-PIE::009::009_01_01_110_07_crop_128,009,1,True,50,cascade,multiple,mean,009;155;179;058;088
orb-fingervein,72,Multi-PIE::009::009_01_01_110_07_crop_128,009,1,True,50,cascade,multiple,mean,009;179;152;036;007
sift-fingervein,72,Multi-PIE::009::009_01_01_110_07_crop_128,009,1,True,50,cascade,multiple,mean,009;007;036;179;155
superglue-fingervein,72,Multi-PIE::009::009_01_01_110_07_crop_128,009,1,True,50,cascade,multiple,mean,009;088;167;058;237
sgmnet-fingervein,72,Multi-PIE::009::009_01_01_110_07_crop_128,009,1,True,50,cascade,multiple,mean,009;237;088;155;058
aspanformer,72,Multi-PIE::009::009_01_01_110_07_crop_128,009,1,True,50,cascade,multiple,mean,009;152;058;237;189
deepdetect,72,Multi-PIE::009::009_01_01_110_07_crop_128,009,1,True,50,cascade,multiple,mean,009;109;152;058;237
loftr,76,Multi-PIE::008::008_01_01_110_07_crop_128,008,1,True,50,cascade,multiple,mean,008;207;027;152;071
orb-fingervein,76,Multi-PIE::008::008_01_01_110_07_crop_128,008,1,True,50,cascade,multiple,mean,008;027;207;144;007
sift-fingervein,76,Multi-PIE::008::008_01_01_110_07_crop_128,008,1,True,50,cascade,multiple,mean,008;027;155;164;190
superglue-fingervein,76,Multi-PIE::008::008_01_01_110_07_crop_128,008,1,True,50,cascade,multiple,mean,008;029;207;190;071
sgmnet-fingervein,76,Multi-PIE::008::008_01_01_110_07_crop_128,008,1,True,50,cascade,multiple,mean,008;190;029;164;152
aspanformer,76,Multi-PIE::008::008_01_01_110_07_crop_128,008,1,True,50,cascade,multiple,mean,008;164;207;234;027
deepdetect,76,Multi-PIE::008::008_01_01_110_07_crop_128,008,1,True,50,cascade,multiple,mean,008;063;196;207;144
loftr,80,Multi-PIE::024::024_01_01_110_08_crop_128,024,1,True,50,cascade,multiple,mean,024;238;115;060;189
orb-fingervein,80,Multi-PIE::024::024_01_01_110_08_crop_128,024,1,True,50,cascade,multiple,mean,024;109;215;241;115
sift-fingervein,80,Multi-PIE::024::024_01_01_110_08_crop_128,024,1,True,50,cascade,multiple,mean,024;234;027;189;007
superglue-fingervein,80,Multi-PIE::024::024_01_01_110_08_crop_128,024,1,True,50,cascade,multiple,mean,024;115;189;027;130
sgmnet-fingervein,80,Multi-PIE::024::024_01_01_110_08_crop_128,024,1,True,50,cascade,multiple,mean,024;060;115;007;002
aspanformer,80,Multi-PIE::024::024_01_01_110_08_crop_128,024,2,False,50,cascade,multiple,mean,234;024;072;002;060
deepdetect,80,Multi-PIE::024::024_01_01_110_08_crop_128,024,1,True,50,cascade,multiple,mean,024;060;238;241;130
loftr,84,Multi-PIE::056::056_01_01_110_06_crop_128,056,1,True,50,cascade,multiple,mean,056;041;180;002;164
orb-fingervein,84,Multi-PIE::056::056_01_01_110_06_crop_128,056,1,True,50,cascade,multiple,mean,056;180;230;071;002
sift-fingervein,84,Multi-PIE::056::056_01_01_110_06_crop_128,056,1,True,50,cascade,multiple,mean,056;007;230;190;029
superglue-fingervein,84,Multi-PIE::056::056_01_01_110_06_crop_128,056,1,True,50,cascade,multiple,mean,056;189;190;041;208
sgmnet-fingervein,84,Multi-PIE::056::056_01_01_110_06_crop_128,056,1,True,50,cascade,multiple,mean,056;029;208;230;180
aspanformer,84,Multi-PIE::056::056_01_01_110_06_crop_128,056,1,True,50,cascade,multiple,mean,056;230;007;189;060
deepdetect,84,Multi-PIE::056::056_01_01_110_06_crop_128,056,1,True,50,cascade,multiple,mean,056;230;002;215;007
loftr,88,Multi-PIE::060::060_01_01_110_06_crop_128,060,1,True,50,cascade,multiple,mean,060;024;196;109;208
orb-fingervein,88,Multi-PIE::060::060_01_01_110_06_crop_128,060,1,True,50,cascade,multiple,mean,060;027;179;144;108
sift-fingervein,88,Multi-PIE::060::060_01_01_110_06_crop_128,060,1,True,50,cascade,multiple,mean,060;027;040;108;051
superglue-fingervein,88,Multi-PIE::060::060_01_01_110_06_crop_128,060,1,True,50,cascade,multiple,mean,060;208;196;109;179
sgmnet-fingervein,88,Multi-PIE::060::060_01_01_110_06_crop_128,060,1,True,50,cascade,multiple,mean,060;087;051;208;184
aspanformer,88,Multi-PIE::060::060_01_01_110_06_crop_128,060,1,True,50,cascade,multiple,mean,060;024;208;180;196
deepdetect,88,Multi-PIE::060::060_01_01_110_06_crop_128,060,1,True,50,cascade,multiple,mean,060;179;208;108;109
loftr,92,Multi-PIE::130::130_01_01_110_08_crop_128,130,1,True,50,cascade,multiple,mean,130;184;189;174;051
orb-fingervein,92,Multi-PIE::130::130_01_01_110_08_crop_128,130,1,True,50,cascade,multiple,mean,130;115;241;174;247
sift-fingervein,92,Multi-PIE::130::130_01_01_110_08_crop_128,130,1,True,50,cascade,multiple,mean,130;189;088;144;151
superglue-fingervein,92,Multi-PIE::130::130_01_01_110_08_crop_128,130,1,True,50,cascade,multiple,mean,130;088;180;151;174
sgmnet-fingervein,92,Multi-PIE::130::130_01_01_110_08_crop_128,130,1,True,50,cascade,multiple,mean,130;115;088;208;184
aspanformer,92,Multi-PIE::130::130_01_01_110_08_crop_128,130,1,True,50,cascade,multiple,mean,130;051;180;115;088
deepdetect,92,Multi-PIE::130::130_01_01_110_08_crop_128,130,1,True,50,cascade,multiple,mean,130;208;180;088;241
loftr,96,Multi-PIE::155::155_01_01_110_07_crop_128,155,1,True,50,cascade,multiple,mean,155;190;167;164;234
orb-fingervein,96,Multi-PIE::155::155_01_01_110_07_crop_128,155,1,True,50,cascade,multiple,mean,155;164;108;060;007
sift-fingervein,96,Multi-PIE::155::155_01_01_110_07_crop_128,155,1,True,50,cascade,multiple,mean,155;007;237;060;140
superglue-fingervein,96,Multi-PIE::155::155_01_01_110_07_crop_128,155,1,True,50,cascade,multiple,mean,155;007;167;164;140
sgmnet-fingervein,96,Multi-PIE::155::155_01_01_110_07_crop_128,155,1,True,50,cascade,multiple,mean,155;237;190;140;063
aspanformer,96,Multi-PIE::155::155_01_01_110_07_crop_128,155,1,True,50,cascade,multiple,mean,155;167;040;234;164
deepdetect,96,Multi-PIE::155::155_01_01_110_07_crop_128,155,1,True,50,cascade,multiple,mean,155;007;140;238;167
loftr,100,Multi-PIE::248::248_01_01_110_08_crop_128,248,1,True,50,cascade,multiple,mean,248;164;238;167;051
orb-fingervein,100,Multi-PIE::248::248_01_01_110_08_crop_128,248,1,True,50,cascade,multiple,mean,248;130;087;029;238
sift-fingervein,100,Multi-PIE::248::248_01_01_110_08_crop_128,248,1,True,50,cascade,multiple,mean,248;237;215;167;140
superglue-fingervein,100,Multi-PIE::248::248_01_01_110_08_crop_128,248,1,True,50,cascade,multiple,mean,248;238;029;051;164
sgmnet-fingervein,100,Multi-PIE::248::248_01_01_110_08_crop_128,248,1,True,50,cascade,multiple,mean,248;167;237;164;087
aspanformer,100,Multi-PIE::248::248_01_01_110_08_crop_128,248,1,True,50,cascade,multiple,mean,248;164;087;056;051
deepdetect,100,Multi-PIE::248::248_01_01_110_08_crop_128,248,1,True,50,cascade,multiple,mean,248;167;164;140;056
loftr,104,Multi-PIE::144::144_01_01_110_05_crop_128,144,1,True,50,cascade,multiple,mean,144;152;164;190;179
orb-fingervein,104,Multi-PIE::144::144_01_01_110_05_crop_128,144,1,True,50,cascade,multiple,mean,144;057;027;179;009
sift-fingervein,104,Multi-PIE::144::144_01_01_110_05_crop_128,144,1,True,50,cascade,multiple,mean,144;179;196;152;164
superglue-fingervein,104,Multi-PIE::144::144_01_01_110_05_crop_128,144,1,True,50,cascade,multiple,mean,144;029;009;058;190
sgmnet-fingervein,104,Multi-PIE::144::144_01_01_110_05_crop_128,144,1,True,50,cascade,multiple,mean,144;164;027;184;152
aspanformer,104,Multi-PIE::144::144_01_01_110_05_crop_128,144,1,True,50,cascade,multiple,mean,144;179;230;058;196
deepdetect,104,Multi-PIE::144::144_01_01_110_05_crop_128,144,1,True,50,cascade,multiple,mean,144;164;196;051;230
loftr,108,Multi-PIE::051::051_01_01_110_08_crop_128,051,1,True,50,cascade,multiple,mean,051;164;189;058;007
orb-fingervein,108,Multi-PIE::051::051_01_01_110_08_crop_128,051,1,True,50,cascade,multiple,mean,051;058;247;071;151
sift-fingervein,108,Multi-PIE::051::051_01_01_110_08_crop_128,051,1,True,50,cascade,multiple,mean,051;164;247;063;174
superglue-fingervein,108,Multi-PIE::051::051_01_01_110_08_crop_128,051,1,True,50,cascade,multiple,mean,051;058;164;189;036
sgmnet-fingervein,108,Multi-PIE::051::051_01_01_110_08_crop_128,051,1,True,50,cascade,multiple,mean,051;058;007;164;247
aspanformer,108,Multi-PIE::051::051_01_01_110_08_crop_128,051,1,True,50,cascade,multiple,mean,051;063;189;174;247
deepdetect,108,Multi-PIE::051::051_01_01_110_08_crop_128,051,1,True,50,cascade,multiple,mean,051;027;058;190;164
loftr,112,Multi-PIE::184::184_01_01_110_08_crop_128,184,1,True,50,cascade,multiple,mean,184;237;007;164;189
orb-fingervein,112,Multi-PIE::184::184_01_01_110_08_crop_128,184,1,True,50,cascade,multiple,mean,184;008;190;144;088
sift-fingervein,112,Multi-PIE::184::184_01_01_110_08_crop_128,184,1,True,50,cascade,multiple,mean,184;029;088;189;237
superglue-fingervein,112,Multi-PIE::184::184_01_01_110_08_crop_128,184,1,True,50,cascade,multiple,mean,184;237;189;190;164
sgmnet-fingervein,112,Multi-PIE::184::184_01_01_110_08_crop_128,184,1,True,50,cascade,multiple,mean,184;237;008;088;071
aspanformer,112,Multi-PIE::184::184_01_01_110_08_crop_128,184,1,True,50,cascade,multiple,mean,184;189;088;008;190
deepdetect,112,Multi-PIE::184::184_01_01_110_08_crop_128,184,1,True,50,cascade,multiple,mean,184;234;007;109;164
loftr,116,Multi-PIE::167::167_01_01_110_07_crop_128,167,1,True,50,cascade,multiple,mean,167;007;130;058;184
orb-fingervein,116,Multi-PIE::167::167_01_01_110_07_crop_128,167,1,True,50,cascade,multiple,mean,167;184;057;002;109
sift-fingervein,116,Multi-PIE::167::167_01_01_110_07_crop_128,167,1,True,50,cascade,multiple,mean,167;174;057;060;130
superglue-fingervein,116,Multi-PIE::167::167_01_01_110_07_crop_128,167,1,True,50,cascade,multiple,mean,167;174;007;130;238
sgmnet-fingervein,116,Multi-PIE::167::167_01_01_110_07_crop_128,167,1,True,50,cascade,multiple,mean,167;007;109;051;108
aspanformer,116,Multi-PIE::167::167_01_01_110_07_crop_128,167,1,True,50,cascade,multiple,mean,167;174;115;051;184
deepdetect,116,Multi-PIE::167::167_01_01_110_07_crop_128,167,1,True,50,cascade,multiple,mean,167;130;115;174;248
loftr,120,Multi-PIE::180::180_01_01_110_05_crop_128,180,1,True,50,cascade,multiple,mean,180;152;174;151;009
orb-fingervein,120,Multi-PIE::180::180_01_01_110_05_crop_128,180,1,True,50,cascade,multiple,mean,180;040;008;009;151
sift-fingervein,120,Multi-PIE::180::180_01_01_110_05_crop_128,180,1,True,50,cascade,multiple,mean,180;008;248;087;152
superglue-fingervein,120,Multi-PIE::180::180_01_01_110_05_crop_128,180,1,True,50,cascade,multiple,mean,180;174;152;208;087
sgmnet-fingervein,120,Multi-PIE::180::180_01_01_110_05_crop_128,180,1,True,50,cascade,multiple,mean,180;190;174;152;008
aspanformer,120,Multi-PIE::180::180_01_01_110_05_crop_128,180,1,True,50,cascade,multiple,mean,180;152;190;040;023
deepdetect,120,Multi-PIE::180::180_01_01_110_05_crop_128,180,1,True,50,cascade,multiple,mean,180;151;008;130;208
loftr,124,Multi-PIE::237::237_01_01_110_07_crop_128,237,1,True,50,cascade,multiple,mean,237;174;189;164;247
orb-fingervein,124,Multi-PIE::237::237_01_01_110_07_crop_128,237,1,True,50,cascade,multiple,mean,237;189;247;063;230
sift-fingervein,124,Multi-PIE::237::237_01_01_110_07_crop_128,237,1,True,50,cascade,multiple,mean,237;189;063;007;071
superglue-fingervein,124,Multi-PIE::237::237_01_01_110_07_crop_128,237,1,True,50,cascade,multiple,mean,237;189;058;164;247
sgmnet-fingervein,124,Multi-PIE::237::237_01_01_110_07_crop_128,237,1,True,50,cascade,multiple,mean,237;190;247;174;007
aspanformer,124,Multi-PIE::237::237_01_01_110_07_crop_128,237,1,True,50,cascade,multiple,mean,237;174;230;063;027
deepdetect,124,Multi-PIE::237::237_01_01_110_07_crop_128,237,1,True,50,cascade,multiple,mean,237;179;190;174;230
loftr,128,Multi-PIE::108::108_01_01_110_08_crop_128,108,1,True,50,cascade,multiple,mean,108;207;027;237;041
orb-fingervein,128,Multi-PIE::108::108_01_01_110_08_crop_128,108,1,True,50,cascade,multiple,mean,108;027;241;041;215
sift-fingervein,128,Multi-PIE::108::108_01_01_110_08_crop_128,108,1,True,50,cascade,multiple,mean,108;036;024;241;215
superglue-fingervein,128,Multi-PIE::108::108_01_01_110_08_crop_128,108,1,True,50,cascade,multiple,mean,108;041;088;051;207
sgmnet-fingervein,128,Multi-PIE::108::108_01_01_110_08_crop_128,108,1,True,50,cascade,multiple,mean,108;237;041;215;051
aspanformer,128,Multi-PIE::108::108_01_01_110_08_crop_128,108,1,True,50,cascade,multiple,mean,108;027;041;008;241
deepdetect,128,Multi-PIE::108::108_01_01_110_08_crop_128,108,1,True,50,cascade,multiple,mean,108;041;036;051;130
loftr,132,Multi-PIE::057::057_01_01_110_05_crop_128,057,1,True,50,cascade,multiple,mean,057;174;207;009;241
orb-fingervein,132,Multi-PIE::057::057_01_01_110_05_crop_128,057,1,True,50,cascade,multiple,mean,057;072;241;155;027
sift-fingervein,132,Multi-PIE::057::057_01_01_110_05_crop_128,057,1,True,50,cascade,multiple,mean,057;072;174;027;029
superglue-fingervein,132,Multi-PIE::057::057_01_01_110_05_crop_128,057,1,True,50,cascade,multiple,mean,057;241;072;027;029
sgmnet-fingervein,132,Multi-PIE::057::057_01_01_110_05_crop_128,057,1,True,50,cascade,multiple,mean,057;109;060;241;155
aspanformer,132,Multi-PIE::057::057_01_01_110_05_crop_128,057,1,True,50,cascade,multiple,mean,057;174;009;072;007
deepdetect,132,Multi-PIE::057::057_01_01_110_05_crop_128,057,1,True,50,cascade,multiple,mean,057;215;029;007;027
loftr,136,Multi-PIE::115::115_01_01_110_06_crop_128,115,1,True,50,cascade,multiple,mean,115;164;029;071;088
orb-fingervein,136,Multi-PIE::115::115_01_01_110_06_crop_128,115,1,True,50,cascade,multiple,mean,115;184;238;027;189
sift-fingervein,136,Multi-PIE::115::115_01_01_110_06_crop_128,115,1,True,50,cascade,multiple,mean,115;238;007;184;036
superglue-fingervein,136,Multi-PIE::115::115_01_01_110_06_crop_128,115,1,True,50,cascade,multiple,mean,115;029;196;063;164
sgmnet-fingervein,136,Multi-PIE::115::115_01_01_110_06_crop_128,115,1,True,50,cascade,multiple,mean,115;088;196;007;027
aspanformer,136,Multi-PIE::115::115_01_01_110_06_crop_128,115,1,True,50,cascade,multiple,mean,115;058;027;190;184
deepdetect,136,Multi-PIE::115::115_01_01_110_06_crop_128,115,1,True,50,cascade,multiple,mean,115;088;190;184;007
loftr,140,Multi-PIE::151::151_01_01_110_07_crop_128,151,1,True,50,cascade,multiple,mean,151;184;164;247;029
orb-fingervein,140,Multi-PIE::151::151_01_01_110_07_crop_128,151,1,True,50,cascade,multiple,mean,151;247;041;130;108
sift-fingervein,140,Multi-PIE::151::151_01_01_110_07_crop_128,151,1,True,50,cascade,multiple,mean,151;247;130;108;140
superglue-fingervein,140,Multi-PIE::151::151_01_01_110_07_crop_128,151,1,True,50,cascade,multiple,mean,151;164;247;184;041
sgmnet-fingervein,140,Multi-PIE::151::151_01_01_110_07_crop_128,151,1,True,50,cascade,multiple,mean,151;184;140;088;071
aspanformer,140,Multi-PIE::151::151_01_01_110_07_crop_128,151,1,True,50,cascade,multiple,mean,151;164;247;184;130
deepdetect,140,Multi-PIE::151::151_01_01_110_07_crop_128,151,1,True,50,cascade,multiple,mean,151;247;108;248;164
loftr,144,Multi-PIE::072::072_01_01_110_06_crop_128,072,1,True,50,cascade,multiple,mean,072;164;057;247;063
orb-fingervein,144,Multi-PIE::072::072_01_01_110_06_crop_128,072,1,True,50,cascade,multiple,mean,072;057;179;058;247
sift-fingervein,144,Multi-PIE::072::072_01_01_110_06_crop_128,072,1,True,50,cascade,multiple,mean,072;063;058;247;179
superglue-fingervein,144,Multi-PIE::072::072_01_01_110_06_crop_128,072,1,True,50,cascade,multiple,mean,072;247;164;152;179
sgmnet-fingervein,144,Multi-PIE::072::072_01_01_110_06_crop_128,072,1,True,50,cascade,multiple,mean,072;167;190;152;247
aspanformer,144,Multi-PIE::072::072_01_01_110_06_crop_128,072,1,True,50,cascade,multiple,mean,072;230;190;057;164
deepdetect,144,Multi-PIE::072::072_01_01_110_06_crop_128,072,1,True,50,cascade,multiple,mean,072;060;058;179;057
loftr,148,Multi-PIE::208::208_01_01_110_05_crop_128,208,1,True,50,cascade,multiple,mean,208;174;027;247;179
orb-fingervein,148,Multi-PIE::208::208_01_01_110_05_crop_128,208,1,True,50,cascade,multiple,mean,208;144;215;027;009
sift-fingervein,148,Multi-PIE::208::208_01_01_110_05_crop_128,208,1,True,50,cascade,multiple,mean,208;056;087;072;144
superglue-fingervein,148,Multi-PIE::208::208_01_01_110_05_crop_128,208,1,True,50,cascade,multiple,mean,208;027;024;174;087
sgmnet-fingervein,148,Multi-PIE::208::208_01_01_110_05_crop_128,208,1,True,50,cascade,multiple,mean,208;051;072;174;071
aspanformer,148,Multi-PIE::208::208_01_01_110_05_crop_128,208,1,True,50,cascade,multiple,mean,208;087;056;051;027
deepdetect,148,Multi-PIE::208::208_01_01_110_05_crop_128,208,1,True,50,cascade,multiple,mean,208;009;248;056;027
loftr,152,Multi-PIE::002::002_01_01_110_08_crop_128,002,1,True,50,cascade,multiple,mean,002;196;174;167;195
orb-fingervein,152,Multi-PIE::002::002_01_01_110_08_crop_128,002,1,True,50,cascade,multiple,mean,002;230;196;057;155
sift-fingervein,152,Multi-PIE::002::002_01_01_110_08_crop_128,002,1,True,50,cascade,multiple,mean,002;174;167;057;241
superglue-fingervein,152,Multi-PIE::002::002_01_01_110_08_crop_128,002,1,True,50,cascade,multiple,mean,002;195;164;167;207
sgmnet-fingervein,152,Multi-PIE::002::002_01_01_110_08_crop_128,002,1,True,50,cascade,multiple,mean,002;190;174;241;155
aspanformer,152,Multi-PIE::002::002_01_01_110_08_crop_128,002,1,True,50,cascade,multiple,mean,002;230;036;207;155
deepdetect,152,Multi-PIE::002::002_01_01_110_08_crop_128,002,1,True,50,cascade,multiple,mean,002;230;155;057;207
loftr,156,Multi-PIE::195::195_01_01_110_07_crop_128,195,1,True,50,cascade,multiple,mean,195;180;072;174;041
orb-fingervein,156,Multi-PIE::195::195_01_01_110_07_crop_128,195,1,True,50,cascade,multiple,mean,195;180;072;029;189
sift-fingervein,156,Multi-PIE::195::195_01_01_110_07_crop_128,195,1,True,50,cascade,multiple,mean,195;196;215;023;072
superglue-fingervein,156,Multi-PIE::195::195_01_01_110_07_crop_128,195,1,True,50,cascade,multiple,mean,195;072;174;180;002
sgmnet-fingervein,156,Multi-PIE::195::195_01_01_110_07_crop_128,195,1,True,50,cascade,multiple,mean,195;072;041;151;164
aspanformer,156,Multi-PIE::195::195_01_01_110_07_crop_128,195,1,True,50,cascade,multiple,mean,195;180;072;189;056
deepdetect,156,Multi-PIE::195::195_01_01_110_07_crop_128,195,1,True,50,cascade,multiple,mean,195;180;041;087;164
loftr,160,Multi-PIE::207::207_01_01_110_05_crop_128,207,1,True,50,cascade,multiple,mean,207;164;027;247;029
orb-fingervein,160,Multi-PIE::207::207_01_01_110_05_crop_128,207,1,True,50,cascade,multiple,mean,207;027;024;109;247
sift-fingervein,160,Multi-PIE::207::207_01_01_110_05_crop_128,207,1,True,50,cascade,multiple,mean,207;164;234;027;109
superglue-fingervein,160,Multi-PIE::207::207_01_01_110_05_crop_128,207,1,True,50,cascade,multiple,mean,207;247;071;164;029
sgmnet-fingervein,160,Multi-PIE::207::207_01_01_110_05_crop_128,207,1,True,50,cascade,multiple,mean,207;190;164;027;029
aspanformer,160,Multi-PIE::207::207_01_01_110_05_crop_128,207,1,True,50,cascade,multiple,mean,207;029;247;027;057
deepdetect,160,Multi-PIE::207::207_01_01_110_05_crop_128,207,1,True,50,cascade,multiple,mean,207;007;024;029;247
loftr,164,Multi-PIE::041::041_01_01_110_05_crop_128,041,1,True,50,cascade,multiple,mean,041;009;051;027;247
orb-fingervein,164,Multi-PIE::041::041_01_01_110_05_crop_128,041,1,True,50,cascade,multiple,mean,041;071;027;155;057
sift-fingervein,164,Multi-PIE::041::041_01_01_110_05_crop_128,041,1,True,50,cascade,multiple,mean,041;009;027;040;057
superglue-fingervein,164,Multi-PIE::041::041_01_01_110_05_crop_128,041,1,True,50,cascade,multiple,mean,041;247;009;027;071
sgmnet-fingervein,164,Multi-PIE::041::041_01_01_110_05_crop_128,041,1,True,50,cascade,multiple,mean,041;071;247;155;180
aspanformer,164,Multi-PIE::041::041_01_01_110_05_crop_128,041,1,True,50,cascade,multiple,mean,041;027;179;009;241
deepdetect,164,Multi-PIE::041::041_01_01_110_05_crop_128,041,1,True,50,cascade,multiple,mean,041;009;036;057;071
loftr,168,Multi-PIE::179::179_01_01_110_05_crop_128,179,1,True,50,cascade,multiple,mean,179;009;164;184;023
orb-fingervein,168,Multi-PIE::179::179_01_01_110_05_crop_128,179,1,True,50,cascade,multiple,mean,179;009;184;007;023
sift-fingervein,168,Multi-PIE::179::179_01_01_110_05_crop_128,179,1,True,50,cascade,multiple,mean,179;009;184;036;140
superglue-fingervein,168,Multi-PIE::179::179_01_01_110_05_crop_128,179,1,True,50,cascade,multiple,mean,179;009;164;036;190
sgmnet-fingervein,168,Multi-PIE::179::179_01_01_110_05_crop_128,179,1,True,50,cascade,multiple,mean,179;237;164;051;190
aspanformer,168,Multi-PIE::179::179_01_01_110_05_crop_128,179,1,True,50,cascade,multiple,mean,179;071;057;023;164
deepdetect,168,Multi-PIE::179::179_01_01_110_05_crop_128,179,1,True,50,cascade,multiple,mean,179;184;007;002;036
loftr,172,Multi-PIE::234::234_01_01_110_06_crop_128,234,1,True,50,cascade,multiple,mean,234;195;164;151;024
orb-fingervein,172,Multi-PIE::234::234_01_01_110_06_crop_128,234,1,True,50,cascade,multiple,mean,234;036;164;029;007
sift-fingervein,172,Multi-PIE::234::234_01_01_110_06_crop_128,234,1,True,50,cascade,multiple,mean,234;024;144;072;179
superglue-fingervein,172,Multi-PIE::234::234_01_01_110_06_crop_128,234,1,True,50,cascade,multiple,mean,234;164;009;208;195
sgmnet-fingervein,172,Multi-PIE::234::234_01_01_110_06_crop_128,234,1,True,50,cascade,multiple,mean,234;009;195;164;144
aspanformer,172,Multi-PIE::234::234_01_01_110_06_crop_128,234,1,True,50,cascade,multiple,mean,234;024;195;230;002
deepdetect,172,Multi-PIE::234::234_01_01_110_06_crop_128,234,1,True,50,cascade,multiple,mean,234;036;144;029;009
loftr,176,Multi-PIE::088::088_01_01_110_06_crop_128,088,1,True,50,cascade,multiple,mean,088;190;029;058;234
orb-fingervein,176,Multi-PIE::088::088_01_01_110_06_crop_128,088,1,True,50,cascade,multiple,mean,088;071;027;058;190
sift-fingervein,176,Multi-PIE::088::088_01_01_110_06_crop_128,088,1,True,50,cascade,multiple,mean,088;241;247;215;027
superglue-fingervein,176,Multi-PIE::088::088_01_01_110_06_crop_128,088,1,True,50,cascade,multiple,mean,088;007;029;215;241
sgmnet-fingervein,176,Multi-PIE::088::088_01_01_110_06_crop_128,088,1,True,50,cascade,multiple,mean,088;058;063;072;234
aspanformer,176,Multi-PIE::088::088_01_01_110_06_crop_128,088,1,True,50,cascade,multiple,mean,088;063;027;241;071
deepdetect,176,Multi-PIE::088::088_01_01_110_06_crop_128,088,1,True,50,cascade,multiple,mean,088;215;058;248;164
loftr,180,Multi-PIE::215::215_01_01_110_06_crop_128,215,1,True,50,cascade,multiple,mean,215;164;151;179;058
orb-fingervein,180,Multi-PIE::215::215_01_01_110_06_crop_128,215,1,True,50,cascade,multiple,mean,215;179;072;144;164
sift-fingervein,180,Multi-PIE::215::215_01_01_110_06_crop_128,215,1,True,50,cascade,multiple,mean,215;071;164;208;144
superglue-fingervein,180,Multi-PIE::215::215_01_01_110_06_crop_128,215,1,True,50,cascade,multiple,mean,215;164;063;152;179
sgmnet-fingervein,180,Multi-PIE::215::215_01_01_110_06_crop_128,215,1,True,50,cascade,multiple,mean,215;152;063;056;164
aspanformer,180,Multi-PIE::215::215_01_01_110_06_crop_128,215,1,True,50,cascade,multiple,mean,215;152;071;063;060
deepdetect,180,Multi-PIE::215::215_01_01_110_06_crop_128,215,1,True,50,cascade,multiple,mean,215;238;060;063;071
loftr,184,Multi-PIE::040::040_01_01_110_07_crop_128,040,1,True,50,cascade,multiple,mean,040;164;058;167;109
orb-fingervein,184,Multi-PIE::040::040_01_01_110_07_crop_128,040,1,True,50,cascade,multiple,mean,040;058;071;087;164
sift-fingervein,184,Multi-PIE::040::040_01_01_110_07_crop_128,040,1,True,50,cascade,multiple,mean,040;109;179;057;167
superglue-fingervein,184,Multi-PIE::040::040_01_01_110_07_crop_128,040,1,True,50,cascade,multiple,mean,040;063;190;179;058
sgmnet-fingervein,184,Multi-PIE::040::040_01_01_110_07_crop_128,040,1,True,50,cascade,multiple,mean,040;063;190;167;058
aspanformer,184,Multi-PIE::040::040_01_01_110_07_crop_128,040,1,True,50,cascade,multiple,mean,040;071;179;190;058
deepdetect,184,Multi-PIE::040::040_01_01_110_07_crop_128,040,1,True,50,cascade,multiple,mean,040;167;241;109;007
loftr,188,Multi-PIE::238::238_01_01_110_08_crop_128,238,1,True,50,cascade,multiple,mean,238;072;041;140;024
orb-fingervein,188,Multi-PIE::238::238_01_01_110_08_crop_128,238,1,True,50,cascade,multiple,mean,238;190;002;056;140
sift-fingervein,188,Multi-PIE::238::238_01_01_110_08_crop_128,238,1,True,50,cascade,multiple,mean,238;174;230;002;115
superglue-fingervein,188,Multi-PIE::238::238_01_01_110_08_crop_128,238,1,True,50,cascade,multiple,mean,238;174;179;007;248
sgmnet-fingervein,188,Multi-PIE::238::238_01_01_110_08_crop_128,238,1,True,50,cascade,multiple,mean,238;024;140;248;190
aspanformer,188,Multi-PIE::238::238_01_01_110_08_crop_128,238,1,True,50,cascade,multiple,mean,238;174;007;115;230
deepdetect,188,Multi-PIE::238::238_01_01_110_08_crop_128,238,1,True,50,cascade,multiple,mean,238;115;072;056;179
loftr,192,Multi-PIE::196::196_01_01_110_05_crop_128,196,1,True,50,cascade,multiple,mean,196;167;151;155;247
orb-fingervein,192,Multi-PIE::196::196_01_01_110_05_crop_128,196,1,True,50,cascade,multiple,mean,196;151;247;155;241
sift-fingervein,192,Multi-PIE::196::196_01_01_110_05_crop_128,196,1,True,50,cascade,multiple,mean,196;180;115;151;167
superglue-fingervein,192,Multi-PIE::196::196_01_01_110_05_crop_128,196,1,True,50,cascade,multiple,mean,196;247;167;088;115
sgmnet-fingervein,192,Multi-PIE::196::196_01_01_110_05_crop_128,196,1,True,50,cascade,multiple,mean,196;151;155;088;247
aspanformer,192,Multi-PIE::196::196_01_01_110_05_crop_128,196,1,True,50,cascade,multiple,mean,196;071;155;060;241
deepdetect,192,Multi-PIE::196::196_01_01_110_05_crop_128,196,1,True,50,cascade,multiple,mean,196;247;060;189;164
loftr,196,Multi-PIE::087::087_01_01_110_05_crop_128,087,1,True,50,cascade,multiple,mean,087;152;108;007;071
orb-fingervein,196,Multi-PIE::087::087_01_01_110_05_crop_128,087,1,True,50,cascade,multiple,mean,087;071;108;247;007
sift-fingervein,196,Multi-PIE::087::087_01_01_110_05_crop_128,087,1,True,50,cascade,multiple,mean,087;029;027;007;189
superglue-fingervein,196,Multi-PIE::087::087_01_01_110_05_crop_128,087,1,True,50,cascade,multiple,mean,087;063;190;189;058
sgmnet-fingervein,196,Multi-PIE::087::087_01_01_110_05_crop_128,087,1,True,50,cascade,multiple,mean,087;063;167;152;234
aspanformer,196,Multi-PIE::087::087_01_01_110_05_crop_128,087,1,True,50,cascade,multiple,mean,087;029;007;234;058
deepdetect,196,Multi-PIE::087::087_01_01_110_05_crop_128,087,1,True,50,cascade,multiple,mean,087;234;027;063;058
loftr,200,Multi-PIE::241::241_01_01_110_06_crop_128,241,1,True,50,cascade,multiple,mean,241;009;057;155;056
orb-fingervein,200,Multi-PIE::241::241_01_01_110_06_crop_128,241,1,True,50,cascade,multiple,mean,241;009;057;087;040
sift-fingervein,200,Multi-PIE::241::241_01_01_110_06_crop_128,241,1,True,50,cascade,multiple,mean,241;007;009;057;195
superglue-fingervein,200,Multi-PIE::241::241_01_01_110_06_crop_128,241,1,True,50,cascade,multiple,mean,241;151;009;155;057
sgmnet-fingervein,200,Multi-PIE::241::241_01_01_110_06_crop_128,241,1,True,50,cascade,multiple,mean,241;195;151;007;024
aspanformer,200,Multi-PIE::241::241_01_01_110_06_crop_128,241,1,True,50,cascade,multiple,mean,241;009;151;024;056
deepdetect,200,Multi-PIE::241::241_01_01_110_06_crop_128,241,1,True,50,cascade,multiple,mean,241;057;024;230;155
