record_id,sample_id,image_path,identity,modality,dataset_name,split,metadata
1,Multi-PIE::164::164_01_01_110_10_crop_128,Face\Multi_Pie_HR_128\164_01_01_110_10_crop_128.png,164,face,Multi-PIE,gallery,"{""image_type"": ""HR_128"", ""angle"": ""110"", ""lighting"": ""10"", ""expression"": ""01"", ""dataset_metadata"": {""version"": ""HR_128"", ""angle"": ""110"", ""lighting"": ""10"", ""expression"": ""01""}}"
2,Multi-PIE::164::164_01_01_110_03_crop_128,Face\Multi_Pie_HR_128\164_01_01_110_03_crop_128.png,164,face,Multi-PIE,gallery,"{""image_type"": ""HR_128"", ""angle"": ""110"", ""lighting"": ""03"", ""expression"": ""01"", ""dataset_metadata"": {""version"": ""HR_128"", ""angle"": ""110"", ""lighting"": ""03"", ""expression"": ""01""}}"
3,Multi-PIE::164::164_01_02_110_03_crop_128,Face\Multi_Pie_HR_128\164_01_02_110_03_crop_128.png,164,face,Multi-PIE,gallery,"{""image_type"": ""HR_128"", ""angle"": ""110"", ""lighting"": ""03"", ""expression"": ""02"", ""dataset_metadata"": {""version"": ""HR_128"", ""angle"": ""110"", ""lighting"": ""03"", ""expression"": ""02""}}"
4,Multi-PIE::164::164_01_01_110_00_crop_128,Face\Multi_Pie_HR_128\164_01_01_110_00_crop_128.png,164,face,Multi-PIE,probe,"{""image_type"": ""HR_128"", ""angle"": ""110"", ""lighting"": ""00"", ""expression"": ""01"", ""dataset_metadata"": {""version"": ""HR_128"", ""angle"": ""110"", ""lighting"": ""00"", ""expression"": ""01""}}"
5,Multi-PIE::029::029_01_02_110_10_crop_128,Face\Multi_Pie_HR_128\029_01_02_110_10_crop_128.png,029,face,Multi-PIE,gallery,"{""image_type"": ""HR_128"", ""angle"": ""110"", ""lighting"": ""10"", ""expression"": ""02"", ""dataset_metadata"": {""version"": ""HR_128"", ""angle"": ""110"", ""lighting"": ""10"", ""expression"": ""02""}}"
6,Multi-PIE::029::029_01_01_110_05_crop_128,Face\Multi_Pie_HR_128\029_01_01_110_05_crop_128.png,029,face,Multi-PIE,gallery,"{""image_type"": ""HR_128"", ""angle"": ""110"", ""lighting"": ""05"", ""expression"": ""01"", ""dataset_metadata"": {""version"": ""HR_128"", ""angle"": ""110"", ""lighting"": ""05"", ""expression"": ""01""}}"
7,Multi-PIE::029::029_01_01_110_00_crop_128,Face\Multi_Pie_HR_128\029_01_01_110_00_crop_128.png,029,face,Multi-PIE,gallery,"{""image_type"": ""HR_128"", ""angle"": ""110"", ""lighting"": ""00"", ""expression"": ""01"", ""dataset_metadata"": {""version"": ""HR_128"", ""angle"": ""110"", ""lighting"": ""00"", ""expression"": ""01""}}"
8,Multi-PIE::029::029_01_02_110_08_crop_128,Face\Multi_Pie_HR_128\029_01_02_110_08_crop_128.png,029,face,Multi-PIE,probe,"{""image_type"": ""HR_128"", ""angle"": ""110"", ""lighting"": ""08"", ""expression"": ""02"", ""dataset_metadata"": {""version"": ""HR_128"", ""angle"": ""110"", ""lighting"": ""08"", ""expression"": ""02""}}"
9,Multi-PIE::007::007_01_01_110_18_crop_128,Face\Multi_Pie_HR_128\007_01_01_110_18_crop_128.png,007,face,Multi-PIE,gallery,"{""image_type"": ""HR_128"", ""angle"": ""110"", ""lighting"": ""18"", ""expression"": ""01"", ""dataset_metadata"": {""version"": ""HR_128"", ""angle"": ""110"", ""lighting"": ""18"", ""expression"": ""01""}}"
10,Multi-PIE::007::007_01_02_110_00_crop_128,Face\Multi_Pie_HR_128\007_01_02_110_00_crop_128.png,007,face,Multi-PIE,gallery,"{""image_type"": ""HR_128"", ""angle"": ""110"", ""lighting"": ""00"", ""expression"": ""02"", ""dataset_metadata"": {""version"": ""HR_128"", ""angle"": ""110"", ""lighting"": ""00"", ""expression"": ""02""}}"
11,Multi-PIE::007::007_01_01_110_12_crop_128,Face\Multi_Pie_HR_128\007_01_01_110_12_crop_128.png,007,face,Multi-PIE,gallery,"{""image_type"": ""HR_128"", ""angle"": ""110"", ""lighting"": ""12"", ""expression"": ""01"", ""dataset_metadata"": {""version"": ""HR_128"", ""angle"": ""110"", ""lighting"": ""12"", ""expression"": ""01""}}"
12,Multi-PIE::007::007_01_01_110_15_crop_128,Face\Multi_Pie_HR_128\007_01_01_110_15_crop_128.png,007,face,Multi-PIE,probe,"{""image_type"": ""HR_128"", ""angle"": ""110"", ""lighting"": ""15"", ""expression"": ""01"", ""dataset_metadata"": {""version"": ""HR_128"", ""angle"": ""110"", ""lighting"": ""15"", ""expression"": ""01""}}"
13,Multi-PIE::190::190_01_02_110_16_crop_128,Face\Multi_Pie_HR_128\190_01_02_110_16_crop_128.png,190,face,Multi-PIE,gallery,"{""image_type"": ""HR_128"", ""angle"": ""110"", ""lighting"": ""16"", ""expression"": ""02"", ""dataset_metadata"": {""version"": ""HR_128"", ""angle"": ""110"", ""lighting"": ""16"", ""expression"": ""02""}}"
14,Multi-PIE::190::190_01_01_110_12_crop_128,Face\Multi_Pie_HR_128\190_01_01_110_12_crop_128.png,190,face,Multi-PIE,gallery,"{""image_type"": ""HR_128"", ""angle"": ""110"", ""lighting"": ""12"", ""expression"": ""01"", ""dataset_metadata"": {""version"": ""HR_128"", ""angle"": ""110"", ""lighting"": ""12"", ""expression"": ""01""}}"
15,Multi-PIE::190::190_01_02_110_10_crop_128,Face\Multi_Pie_HR_128\190_01_02_110_10_crop_128.png,190,face,Multi-PIE,gallery,"{""image_type"": ""HR_128"", ""angle"": ""110"", ""lighting"": ""10"", ""expression"": ""02"", ""dataset_metadata"": {""version"": ""HR_128"", ""angle"": ""110"", ""lighting"": ""10"", ""expression"": ""02""}}"
16,Multi-PIE::190::190_01_02_110_19_crop_128,Face\Multi_Pie_HR_128\190_01_02_110_19_crop_128.png,190,face,Multi-PIE,probe,"{""image_type"": ""HR_128"", ""angle"": ""110"", ""lighting"": ""19"", ""expression"": ""02"", ""dataset_metadata"": {""version"": ""HR_128"", ""angle"": ""110"", ""lighting"": ""19"", ""expression"": ""02""}}"
17,Multi-PIE::071::071_01_01_110_19_crop_128,Face\Multi_Pie_HR_128\071_01_01_110_19_crop_128.png,071,face,Multi-PIE,gallery,"{""image_type"": ""HR_128"", ""angle"": ""110"", ""lighting"": ""19"", ""expression"": ""01"", ""dataset_metadata"": {""version"": ""HR_128"", ""angle"": ""110"", ""lighting"": ""19"", ""expression"": ""01""}}"
18,Multi-PIE::071::071_01_02_110_11_crop_128,Face\Multi_Pie_HR_128\071_01_02_110_11_crop_128.png,071,face,Multi-PIE,gallery,"{""image_type"": ""HR_128"", ""angle"": ""110"", ""lighting"": ""11"", ""expression"": ""02"", ""dataset_metadata"": {""version"": ""HR_128"", ""angle"": ""110"", ""lighting"": ""11"", ""expression"": ""02""}}"
19,Multi-PIE::071::071_01_01_110_13_crop_128,Face\Multi_Pie_HR_128\071_01_01_110_13_crop_128.png,071,face,Multi-PIE,gallery,"{""image_type"": ""HR_128"", ""angle"": ""110"", ""lighting"": ""13"", ""expression"": ""01"", ""dataset_metadata"": {""version"": ""HR_128"", ""angle"": ""110"", ""lighting"": ""13"", ""expression"": ""01""}}"
20,Multi-PIE::071::071_01_02_110_15_crop_128,Face\Multi_Pie_HR_128\071_01_02_110_15_crop_128.png,071,face,Multi-PIE,probe,"{""image_type"": ""HR_128"", ""angle"": ""110"", ""lighting"": ""15"", ""expression"": ""02"", ""dataset_metadata"": {""version"": ""HR_128"", ""angle"": ""110"", ""lighting"": ""15"", ""expression"": ""02""}}"
21,Multi-PIE::063::063_01_02_110_12_crop_128,Face\Multi_Pie_HR_128\063_01_02_110_12_crop_128.png,063,face,Multi-PIE,gallery,"{""image_type"": ""HR_128"", ""angle"": ""110"", ""lighting"": ""12"", ""expression"": ""02"", ""dataset_metadata"": {""version"": ""HR_128"", ""angle"": ""110"", ""lighting"": ""12"", ""expression"": ""02""}}"
22,Multi-PIE::063::063_01_02_110_10_crop_128,Face\Multi_Pie_HR_128\063_01_02_110_10_crop_128.png,063,face,Multi-PIE,gallery,"{""image_type"": ""HR_128"", ""angle"": ""110"", ""lighting"": ""10"", ""expression"": ""02"", ""dataset_metadata"": {""version"": ""HR_128"", ""angle"": ""110"", ""lighting"": ""10"", ""expression"": ""02""}}"
23,Multi-PIE::063::063_01_02_110_00_crop_128,Face\Multi_Pie_HR_128\063_01_02_110_00_crop_128.png,063,face,Multi-PIE,gallery,"{""image_type"": ""HR_128"", ""angle"": ""110"", ""lighting"": ""00"", ""expression"": ""02"", ""dataset_metadata"": {""version"": ""HR_128"", ""angle"": ""110"", ""lighting"": ""00"", ""expression"": ""02""}}"
24,Multi-PIE::063::063_01_02_110_14_crop_128,Face\Multi_Pie_HR_128\063_01_02_110_14_crop_128.png,063,face,Multi-PIE,probe,"{""image_type"": ""HR_128"", ""angle"": ""110"", ""lighting"": ""14"", ""expression"": ""02"", ""dataset_metadata"": {""version"": ""HR_128"", ""angle"": ""110"", ""lighting"": ""14"", ""expression"": ""02""}}"
25,Multi-PIE::058::058_01_02_110_02_crop_128,Face\Multi_Pie_HR_128\058_01_02_110_02_crop_128.png,058,face,Multi-PIE,gallery,"{""image_type"": ""HR_128"", ""angle"": ""110"", ""lighting"": ""02"", ""expression"": ""02"", ""dataset_metadata"": {""version"": ""HR_128"", ""angle"": ""110"", ""lighting"": ""02"", ""expression"": ""02""}}"
26,Multi-PIE::058::058_01_01_110_10_crop_128,Face\Multi_Pie_HR_128\058_01_01_110_10_crop_128.png,058,face,Multi-PIE,gallery,"{""image_type"": ""HR_128"", ""angle"": ""110"", ""lighting"": ""10"", ""expression"": ""01"", ""dataset_metadata"": {""version"": ""HR_128"", ""angle"": ""110"", ""lighting"": ""10"", ""expression"": ""01""}}"
27,Multi-PIE::058::058_01_01_110_08_crop_128,Face\Multi_Pie_HR_128\058_01_01_110_08_crop_128.png,058,face,Multi-PIE,gallery,"{""image_type"": ""HR_128"", ""angle"": ""110"", ""lighting"": ""08"", ""expression"": ""01"", ""dataset_metadata"": {""version"": ""HR_128"", ""angle"": ""110"", ""lighting"": ""08"", ""expression"": ""01""}}"
28,Multi-PIE::058::058_01_02_110_08_crop_128,Face\Multi_Pie_HR_128\058_01_02_110_08_crop_128.png,058,face,Multi-PIE,probe,"{""image_type"": ""HR_128"", ""angle"": ""110"", ""lighting"": ""08"", ""expression"": ""02"", ""dataset_metadata"": {""version"": ""HR_128"", ""angle"": ""110"", ""lighting"": ""08"", ""expression"": ""02""}}"
29,Multi-PIE::036::036_01_02_110_03_crop_128,Face\Multi_Pie_HR_128\036_01_02_110_03_crop_128.png,036,face,Multi-PIE,gallery,"{""image_type"": ""HR_128"", ""angle"": ""110"", ""lighting"": ""03"", ""expression"": ""02"", ""dataset_metadata"": {""version"": ""HR_128"", ""angle"": ""110"", ""lighting"": ""03"", ""expression"": ""02""}}"
30,Multi-PIE::036::036_01_01_110_01_crop_128,Face\Multi_Pie_HR_128\036_01_01_110_01_crop_128.png,036,face,Multi-PIE,gallery,"{""image_type"": ""HR_128"", ""angle"": ""110"", ""lighting"": ""01"", ""expression"": ""01"", ""dataset_metadata"": {""version"": ""HR_128"", ""angle"": ""110"", ""lighting"": ""01"", ""expression"": ""01""}}"
31,Multi-PIE::036::036_01_02_110_06_crop_128,Face\Multi_Pie_HR_128\036_01_02_110_06_crop_128.png,036,face,Multi-PIE,gallery,"{""image_type"": ""HR_128"", ""angle"": ""110"", ""lighting"": ""06"", ""expression"": ""02"", ""dataset_metadata"": {""version"": ""HR_128"", ""angle"": ""110"", ""lighting"": ""06"", ""expression"": ""02""}}"
32,Multi-PIE::036::036_01_01_110_13_crop_128,Face\Multi_Pie_HR_128\036_01_01_110_13_crop_128.png,036,face,Multi-PIE,probe,"{""image_type"": ""HR_128"", ""angle"": ""110"", ""lighting"": ""13"", ""expression"": ""01"", ""dataset_metadata"": {""version"": ""HR_128"", ""angle"": ""110"", ""lighting"": ""13"", ""expression"": ""01""}}"
33,Multi-PIE::189::189_01_01_110_12_crop_128,Face\Multi_Pie_HR_128\189_01_01_110_12_crop_128.png,189,face,Multi-PIE,gallery,"{""image_type"": ""HR_128"", ""angle"": ""110"", ""lighting"": ""12"", ""expression"": ""01"", ""dataset_metadata"": {""version"": ""HR_128"", ""angle"": ""110"", ""lighting"": ""12"", ""expression"": ""01""}}"
34,Multi-PIE::189::189_01_01_110_03_crop_128,Face\Multi_Pie_HR_128\189_01_01_110_03_crop_128.png,189,face,Multi-PIE,gallery,"{""image_type"": ""HR_128"", ""angle"": ""110"", ""lighting"": ""03"", ""expression"": ""01"", ""dataset_metadata"": {""version"": ""HR_128"", ""angle"": ""110"", ""lighting"": ""03"", ""expression"": ""01""}}"
35,Multi-PIE::189::189_01_02_110_10_crop_128,Face\Multi_Pie_HR_128\189_01_02_110_10_crop_128.png,189,face,Multi-PIE,gallery,"{""image_type"": ""HR_128"", ""angle"": ""110"", ""lighting"": ""10"", ""expression"": ""02"", ""dataset_metadata"": {""version"": ""HR_128"", ""angle"": ""110"", ""lighting"": ""10"", ""expression"": ""02""}}"
36,Multi-PIE::189::189_01_01_110_05_crop_128,Face\Multi_Pie_HR_128\189_01_01_110_05_crop_128.png,189,face,Multi-PIE,probe,"{""image_type"": ""HR_128"", ""angle"": ""110"", ""lighting"": ""05"", ""expression"": ""01"", ""dataset_metadata"": {""version"": ""HR_128"", ""angle"": ""110"", ""lighting"": ""05"", ""expression"": ""01""}}"
37,Multi-PIE::027::027_01_02_110_18_crop_128,Face\Multi_Pie_HR_128\027_01_02_110_18_crop_128.png,027,face,Multi-PIE,gallery,"{""image_type"": ""HR_128"", ""angle"": ""110"", ""lighting"": ""18"", ""expression"": ""02"", ""dataset_metadata"": {""version"": ""HR_128"", ""angle"": ""110"", ""lighting"": ""18"", ""expression"": ""02""}}"
38,Multi-PIE::027::027_01_01_110_09_crop_128,Face\Multi_Pie_HR_128\027_01_01_110_09_crop_128.png,027,face,Multi-PIE,gallery,"{""image_type"": ""HR_128"", ""angle"": ""110"", ""lighting"": ""09"", ""expression"": ""01"", ""dataset_metadata"": {""version"": ""HR_128"", ""angle"": ""110"", ""lighting"": ""09"", ""expression"": ""01""}}"
39,Multi-PIE::027::027_01_01_110_16_crop_128,Face\Multi_Pie_HR_128\027_01_01_110_16_crop_128.png,027,face,Multi-PIE,gallery,"{""image_type"": ""HR_128"", ""angle"": ""110"", ""lighting"": ""16"", ""expression"": ""01"", ""dataset_metadata"": {""version"": ""HR_128"", ""angle"": ""110"", ""lighting"": ""16"", ""expression"": ""01""}}"
40,Multi-PIE::027::027_01_02_110_10_crop_128,Face\Multi_Pie_HR_128\027_01_02_110_10_crop_128.png,027,face,Multi-PIE,probe,"{""image_type"": ""HR_128"", ""angle"": ""110"", ""lighting"": ""10"", ""expression"": ""02"", ""dataset_metadata"": {""version"": ""HR_128"", ""angle"": ""110"", ""lighting"": ""10"", ""expression"": ""02""}}"
41,Multi-PIE::174::174_01_01_110_15_crop_128,Face\Multi_Pie_HR_128\174_01_01_110_15_crop_128.png,174,face,Multi-PIE,gallery,"{""image_type"": ""HR_128"", ""angle"": ""110"", ""lighting"": ""15"", ""expression"": ""01"", ""dataset_metadata"": {""version"": ""HR_128"", ""angle"": ""110"", ""lighting"": ""15"", ""expression"": ""01""}}"
42,Multi-PIE::174::174_01_02_110_03_crop_128,Face\Multi_Pie_HR_128\174_01_02_110_03_crop_128.png,174,face,Multi-PIE,gallery,"{""image_type"": ""HR_128"", ""angle"": ""110"", ""lighting"": ""03"", ""expression"": ""02"", ""dataset_metadata"": {""version"": ""HR_128"", ""angle"": ""110"", ""lighting"": ""03"", ""expression"": ""02""}}"
43,Multi-PIE::174::174_01_02_110_16_crop_128,Face\Multi_Pie_HR_128\174_01_02_110_16_crop_128.png,174,face,Multi-PIE,gallery,"{""image_type"": ""HR_128"", ""angle"": ""110"", ""lighting"": ""16"", ""expression"": ""02"", ""dataset_metadata"": {""version"": ""HR_128"", ""angle"": ""110"", ""lighting"": ""16"", ""expression"": ""02""}}"
44,Multi-PIE::174::174_01_02_110_09_crop_128,Face\Multi_Pie_HR_128\174_01_02_110_09_crop_128.png,174,face,Multi-PIE,probe,"{""image_type"": ""HR_128"", ""angle"": ""110"", ""lighting"": ""09"", ""expression"": ""02"", ""dataset_metadata"": {""version"": ""HR_128"", ""angle"": ""110"", ""lighting"": ""09"", ""expression"": ""02""}}"
45,Multi-PIE::247::247_01_02_110_08_crop_128,Face\Multi_Pie_HR_128\247_01_02_110_08_crop_128.png,247,face,Multi-PIE,gallery,"{""image_type"": ""HR_128"", ""angle"": ""110"", ""lighting"": ""08"", ""expression"": ""02"", ""dataset_metadata"": {""version"": ""HR_128"", ""angle"": ""110"", ""lighting"": ""08"", ""expression"": ""02""}}"
46,Multi-PIE::247::247_01_01_110_01_crop_128,Face\Multi_Pie_HR_128\247_01_01_110_01_crop_128.png,247,face,Multi-PIE,gallery,"{""image_type"": ""HR_128"", ""angle"": ""110"", ""lighting"": ""01"", ""expression"": ""01"", ""dataset_metadata"": {""version"": ""HR_128"", ""angle"": ""110"", ""lighting"": ""01"", ""expression"": ""01""}}"
47,Multi-PIE::247::247_01_01_110_05_crop_128,Face\Multi_Pie_HR_128\247_01_01_110_05_crop_128.png,247,face,Multi-PIE,gallery,"{""image_type"": ""HR_128"", ""angle"": ""110"", ""lighting"": ""05"", ""expression"": ""01"", ""dataset_metadata"": {""version"": ""HR_128"", ""angle"": ""110"", ""lighting"": ""05"", ""expression"": ""01""}}"
48,Multi-PIE::247::247_01_01_110_07_crop_128,Face\Multi_Pie_HR_128\247_01_01_110_07_crop_128.png,247,face,Multi-PIE,probe,"{""image_type"": ""HR_128"", ""angle"": ""110"", ""lighting"": ""07"", ""expression"": ""01"", ""dataset_metadata"": {""version"": ""HR_128"", ""angle"": ""110"", ""lighting"": ""07"", ""expression"": ""01""}}"
49,Multi-PIE::230::230_01_01_110_01_crop_128,Face\Multi_Pie_HR_128\230_01_01_110_01_crop_128.png,230,face,Multi-PIE,gallery,"{""image_type"": ""HR_128"", ""angle"": ""110"", ""lighting"": ""01"", ""expression"": ""01"", ""dataset_metadata"": {""version"": ""HR_128"", ""angle"": ""110"", ""lighting"": ""01"", ""expression"": ""01""}}"
50,Multi-PIE::230::230_01_02_110_06_crop_128,Face\Multi_Pie_HR_128\230_01_02_110_06_crop_128.png,230,face,Multi-PIE,gallery,"{""image_type"": ""HR_128"", ""angle"": ""110"", ""lighting"": ""06"", ""expression"": ""02"", ""dataset_metadata"": {""version"": ""HR_128"", ""angle"": ""110"", ""lighting"": ""06"", ""expression"": ""02""}}"
51,Multi-PIE::230::230_01_01_110_11_crop_128,Face\Multi_Pie_HR_128\230_01_01_110_11_crop_128.png,230,face,Multi-PIE,gallery,"{""image_type"": ""HR_128"", ""angle"": ""110"", ""lighting"": ""11"", ""expression"": ""01"", ""dataset_metadata"": {""version"": ""HR_128"", ""angle"": ""110"", ""lighting"": ""11"", ""expression"": ""01""}}"
52,Multi-PIE::230::230_01_01_110_06_crop_128,Face\Multi_Pie_HR_128\230_01_01_110_06_crop_128.png,230,face,Multi-PIE,probe,"{""image_type"": ""HR_128"", ""angle"": ""110"", ""lighting"": ""06"", ""expression"": ""01"", ""dataset_metadata"": {""version"": ""HR_128"", ""angle"": ""110"", ""lighting"": ""06"", ""expression"": ""01""}}"
53,Multi-PIE::140::140_01_02_110_00_crop_128,Face\Multi_Pie_HR_128\140_01_02_110_00_crop_128.png,140,face,Multi-PIE,gallery,"{""image_type"": ""HR_128"", ""angle"": ""110"", ""lighting"": ""00"", ""expression"": ""02"", ""dataset_metadata"": {""version"": ""HR_128"", ""angle"": ""110"", ""lighting"": ""00"", ""expression"": ""02""}}"
54,Multi-PIE::140::140_01_02_110_09_crop_128,Face\Multi_Pie_HR_128\140_01_02_110_09_crop_128.png,140,face,Multi-PIE,gallery,"{""image_type"": ""HR_128"", ""angle"": ""110"", ""lighting"": ""09"", ""expression"": ""02"", ""dataset_metadata"": {""version"": ""HR_128"", ""angle"": ""110"", ""lighting"": ""09"", ""expression"": ""02""}}"
55,Multi-PIE::140::140_01_02_110_14_crop_128,Face\Multi_Pie_HR_128\140_01_02_110_14_crop_128.png,140,face,Multi-PIE,gallery,"{""image_type"": ""HR_128"", ""angle"": ""110"", ""lighting"": ""14"", ""expression"": ""02"", ""dataset_metadata"": {""version"": ""HR_128"", ""angle"": ""110"", ""lighting"": ""14"", ""expression"": ""02""}}"
56,Multi-PIE::140::140_01_02_110_16_crop_128,Face\Multi_Pie_HR_128\140_01_02_110_16_crop_128.png,140,face,Multi-PIE,probe,"{""image_type"": ""HR_128"", ""angle"": ""110"", ""lighting"": ""16"", ""expression"": ""02"", ""dataset_metadata"": {""version"": ""HR_128"", ""angle"": ""110"", ""lighting"": ""16"", ""expression"": ""02""}}"
57,Multi-PIE::023::023_01_01_110_05_crop_128,Face\Multi_Pie_HR_128\023_01_01_110_05_crop_128.png,023,face,Multi-PIE,gallery,"{""image_type"": ""HR_128"", ""angle"": ""110"", ""lighting"": ""05"", ""expression"": ""01"", ""dataset_metadata"": {""version"": ""HR_128"", ""angle"": ""110"", ""lighting"": ""05"", ""expression"": ""01""}}"
58,Multi-PIE::023::023_01_02_110_03_crop_128,Face\Multi_Pie_HR_128\023_01_02_110_03_crop_128.png,023,face,Multi-PIE,gallery,"{""image_type"": ""HR_128"", ""angle"": ""110"", ""lighting"": ""03"", ""expression"": ""02"", ""dataset_metadata"": {""version"": ""HR_128"", ""angle"": ""110"", ""lighting"": ""03"", ""expression"": ""02""}}"
59,Multi-PIE::023::023_01_01_110_01_crop_128,Face\Multi_Pie_HR_128\023_01_01_110_01_crop_128.png,023,face,Multi-PIE,gallery,"{""image_type"": ""HR_128"", ""angle"": ""110"", ""lighting"": ""01"", ""expression"": ""01"", ""dataset_metadata"": {""version"": ""HR_128"", ""angle"": ""110"", ""lighting"": ""01"", ""expression"": ""01""}}"
60,Multi-PIE::023::023_01_02_110_01_crop_128,Face\Multi_Pie_HR_128\023_01_02_110_01_crop_128.png,023,face,Multi-PIE,probe,"{""image_type"": ""HR_128"", ""angle"": ""110"", ""lighting"": ""01"", ""expression"": ""02"", ""dataset_metadata"": {""version"": ""HR_128"", ""angle"": ""110"", ""lighting"": ""01"", ""expression"": ""02""}}"
61,Multi-PIE::152::152_01_01_110_09_crop_128,Face\Multi_Pie_HR_128\152_01_01_110_09_crop_128.png,152,face,Multi-PIE,gallery,"{""image_type"": ""HR_128"", ""angle"": ""110"", ""lighting"": ""09"", ""expression"": ""01"", ""dataset_metadata"": {""version"": ""HR_128"", ""angle"": ""110"", ""lighting"": ""09"", ""expression"": ""01""}}"
62,Multi-PIE::152::152_01_01_110_08_crop_128,Face\Multi_Pie_HR_128\152_01_01_110_08_crop_128.png,152,face,Multi-PIE,gallery,"{""image_type"": ""HR_128"", ""angle"": ""110"", ""lighting"": ""08"", ""expression"": ""01"", ""dataset_metadata"": {""version"": ""HR_128"", ""angle"": ""110"", ""lighting"": ""08"", ""expression"": ""01""}}"
63,Multi-PIE::152::152_01_02_110_04_crop_128,Face\Multi_Pie_HR_128\152_01_02_110_04_crop_128.png,152,face,Multi-PIE,gallery,"{""image_type"": ""HR_128"", ""angle"": ""110"", ""lighting"": ""04"", ""expression"": ""02"", ""dataset_metadata"": {""version"": ""HR_128"", ""angle"": ""110"", ""lighting"": ""04"", ""expression"": ""02""}}"
64,Multi-PIE::152::152_01_01_110_11_crop_128,Face\Multi_Pie_HR_128\152_01_01_110_11_crop_128.png,152,face,Multi-PIE,probe,"{""image_type"": ""HR_128"", ""angle"": ""110"", ""lighting"": ""11"", ""expression"": ""01"", ""dataset_metadata"": {""version"": ""HR_128"", ""angle"": ""110"", ""lighting"": ""11"", ""expression"": ""01""}}"
65,Multi-PIE::109::109_01_02_110_11_crop_128,Face\Multi_Pie_HR_128\109_01_02_110_11_crop_128.png,109,face,Multi-PIE,gallery,"{""image_type"": ""HR_128"", ""angle"": ""110"", ""lighting"": ""11"", ""expression"": ""02"", ""dataset_metadata"": {""version"": ""HR_128"", ""angle"": ""110"", ""lighting"": ""11"", ""expression"": ""02""}}"
66,Multi-PIE::109::109_01_01_110_13_crop_128,Face\Multi_Pie_HR_128\109_01_01_110_13_crop_128.png,109,face,Multi-PIE,gallery,"{""image_type"": ""HR_128"", ""angle"": ""110"", ""lighting"": ""13"", ""expression"": ""01"", ""dataset_metadata"": {""version"": ""HR_128"", ""angle"": ""110"", ""lighting"": ""13"", ""expression"": ""01""}}"
67,Multi-PIE::109::109_01_01_110_10_crop_128,Face\Multi_Pie_HR_128\109_01_01_110_10_crop_128.png,109,face,Multi-PIE,gallery,"{""image_type"": ""HR_128"", ""angle"": ""110"", ""lighting"": ""10"", ""expression"": ""01"", ""dataset_metadata"": {""version"": ""HR_128"", ""angle"": ""110"", ""lighting"": ""10"", ""expression"": ""01""}}"
68,Multi-PIE::109::109_01_02_110_01_crop_128,Face\Multi_Pie_HR_128\109_01_02_110_01_crop_128.png,109,face,Multi-PIE,probe,"{""image_type"": ""HR_128"", ""angle"": ""110"", ""lighting"": ""01"", ""expression"": ""02"", ""dataset_metadata"": {""version"": ""HR_128"", ""angle"": ""110"", ""lighting"": ""01"", ""expression"": ""02""}}"
69,Multi-PIE::009::009_01_02_110_13_crop_128,Face\Multi_Pie_HR_128\009_01_02_110_13_crop_128.png,009,face,Multi-PIE,gallery,"{""image_type"": ""HR_128"", ""angle"": ""110"", ""lighting"": ""13"", ""expression"": ""02"", ""dataset_metadata"": {""version"": ""HR_128"", ""angle"": ""110"", ""lighting"": ""13"", ""expression"": ""02""}}"
70,Multi-PIE::009::009_01_01_110_09_crop_128,Face\Multi_Pie_HR_128\009_01_01_110_09_crop_128.png,009,face,Multi-PIE,gallery,"{""image_type"": ""HR_128"", ""angle"": ""110"", ""lighting"": ""09"", ""expression"": ""01"", ""dataset_metadata"": {""version"": ""HR_128"", ""angle"": ""110"", ""lighting"": ""09"", ""expression"": ""01""}}"
71,Multi-PIE::009::009_01_02_110_09_crop_128,Face\Multi_Pie_HR_128\009_01_02_110_09_crop_128.png,009,face,Multi-PIE,gallery,"{""image_type"": ""HR_128"", ""angle"": ""110"", ""lighting"": ""09"", ""expression"": ""02"", ""dataset_metadata"": {""version"": ""HR_128"", ""angle"": ""110"", ""lighting"": ""09"", ""expression"": ""02""}}"
72,Multi-PIE::009::009_01_01_110_08_crop_128,Face\Multi_Pie_HR_128\009_01_01_110_08_crop_128.png,009,face,Multi-PIE,probe,"{""image_type"": ""HR_128"", ""angle"": ""110"", ""lighting"": ""08"", ""expression"": ""01"", ""dataset_metadata"": {""version"": ""HR_128"", ""angle"": ""110"", ""lighting"": ""08"", ""expression"": ""01""}}"
73,Multi-PIE::008::008_01_02_110_11_crop_128,Face\Multi_Pie_HR_128\008_01_02_110_11_crop_128.png,008,face,Multi-PIE,gallery,"{""image_type"": ""HR_128"", ""angle"": ""110"", ""lighting"": ""11"", ""expression"": ""02"", ""dataset_metadata"": {""version"": ""HR_128"", ""angle"": ""110"", ""lighting"": ""11"", ""expression"": ""02""}}"
74,Multi-PIE::008::008_01_02_110_12_crop_128,Face\Multi_Pie_HR_128\008_01_02_110_12_crop_128.png,008,face,Multi-PIE,gallery,"{""image_type"": ""HR_128"", ""angle"": ""110"", ""lighting"": ""12"", ""expression"": ""02"", ""dataset_metadata"": {""version"": ""HR_128"", ""angle"": ""110"", ""lighting"": ""12"", ""expression"": ""02""}}"
75,Multi-PIE::008::008_01_01_110_02_crop_128,Face\Multi_Pie_HR_128\008_01_01_110_02_crop_128.png,008,face,Multi-PIE,gallery,"{""image_type"": ""HR_128"", ""angle"": ""110"", ""lighting"": ""02"", ""expression"": ""01"", ""dataset_metadata"": {""version"": ""HR_128"", ""angle"": ""110"", ""lighting"": ""02"", ""expression"": ""01""}}"
76,Multi-PIE::008::008_01_02_110_15_crop_128,Face\Multi_Pie_HR_128\008_01_02_110_15_crop_128.png,008,face,Multi-PIE,probe,"{""image_type"": ""HR_128"", ""angle"": ""110"", ""lighting"": ""15"", ""expression"": ""02"", ""dataset_metadata"": {""version"": ""HR_128"", ""angle"": ""110"", ""lighting"": ""15"", ""expression"": ""02""}}"
77,Multi-PIE::024::024_01_01_110_00_crop_128,Face\Multi_Pie_HR_128\024_01_01_110_00_crop_128.png,024,face,Multi-PIE,gallery,"{""image_type"": ""HR_128"", ""angle"": ""110"", ""lighting"": ""00"", ""expression"": ""01"", ""dataset_metadata"": {""version"": ""HR_128"", ""angle"": ""110"", ""lighting"": ""00"", ""expression"": ""01""}}"
78,Multi-PIE::024::024_01_02_110_00_crop_128,Face\Multi_Pie_HR_128\024_01_02_110_00_crop_128.png,024,face,Multi-PIE,gallery,"{""image_type"": ""HR_128"", ""angle"": ""110"", ""lighting"": ""00"", ""expression"": ""02"", ""dataset_metadata"": {""version"": ""HR_128"", ""angle"": ""110"", ""lighting"": ""00"", ""expression"": ""02""}}"
79,Multi-PIE::024::024_01_01_110_04_crop_128,Face\Multi_Pie_HR_128\024_01_01_110_04_crop_128.png,024,face,Multi-PIE,gallery,"{""image_type"": ""HR_128"", ""angle"": ""110"", ""lighting"": ""04"", ""expression"": ""01"", ""dataset_metadata"": {""version"": ""HR_128"", ""angle"": ""110"", ""lighting"": ""04"", ""expression"": ""01""}}"
80,Multi-PIE::024::024_01_01_110_07_crop_128,Face\Multi_Pie_HR_128\024_01_01_110_07_crop_128.png,024,face,Multi-PIE,probe,"{""image_type"": ""HR_128"", ""angle"": ""110"", ""lighting"": ""07"", ""expression"": ""01"", ""dataset_metadata"": {""version"": ""HR_128"", ""angle"": ""110"", ""lighting"": ""07"", ""expression"": ""01""}}"
81,Multi-PIE::056::056_01_02_110_10_crop_128,Face\Multi_Pie_HR_128\056_01_02_110_10_crop_128.png,056,face,Multi-PIE,gallery,"{""image_type"": ""HR_128"", ""angle"": ""110"", ""lighting"": ""10"", ""expression"": ""02"", ""dataset_metadata"": {""version"": ""HR_128"", ""angle"": ""110"", ""lighting"": ""10"", ""expression"": ""02""}}"
82,Multi-PIE::056::056_01_01_110_13_crop_128,Face\Multi_Pie_HR_128\056_01_01_110_13_crop_128.png,056,face,Multi-PIE,gallery,"{""image_type"": ""HR_128"", ""angle"": ""110"", ""lighting"": ""13"", ""expression"": ""01"", ""dataset_metadata"": {""version"": ""HR_128"", ""angle"": ""110"", ""lighting"": ""13"", ""expression"": ""01""}}"
83,Multi-PIE::056::056_01_01_110_10_crop_128,Face\Multi_Pie_HR_128\056_01_01_110_10_crop_128.png,056,face,Multi-PIE,gallery,"{""image_type"": ""HR_128"", ""angle"": ""110"", ""lighting"": ""10"", ""expression"": ""01"", ""dataset_metadata"": {""version"": ""HR_128"", ""angle"": ""110"", ""lighting"": ""10"", ""expression"": ""01""}}"
84,Multi-PIE::056::056_01_01_110_16_crop_128,Face\Multi_Pie_HR_128\056_01_01_110_16_crop_128.png,056,face,Multi-PIE,probe,"{""image_type"": ""HR_128"", ""angle"": ""110"", ""lighting"": ""16"", ""expression"": ""01"", ""dataset_metadata"": {""version"": ""HR_128"", ""angle"": ""110"", ""lighting"": ""16"", ""expression"": ""01""}}"
85,Multi-PIE::060::060_01_02_110_12_crop_128,Face\Multi_Pie_HR_128\060_01_02_110_12_crop_128.png,060,face,Multi-PIE,gallery,"{""image_type"": ""HR_128"", ""angle"": ""110"", ""lighting"": ""12"", ""expression"": ""02"", ""dataset_metadata"": {""version"": ""HR_128"", ""angle"": ""110"", ""lighting"": ""12"", ""expression"": ""02""}}"
86,Multi-PIE::060::060_01_01_110_11_crop_128,Face\Multi_Pie_HR_128\060_01_01_110_11_crop_128.png,060,face,Multi-PIE,gallery,"{""image_type"": ""HR_128"", ""angle"": ""110"", ""lighting"": ""11"", ""expression"": ""01"", ""dataset_metadata"": {""version"": ""HR_128"", ""angle"": ""110"", ""lighting"": ""11"", ""expression"": ""01""}}"
87,Multi-PIE::060::060_01_01_110_10_crop_128,Face\Multi_Pie_HR_128\060_01_01_110_10_crop_128.png,060,face,Multi-PIE,gallery,"{""image_type"": ""HR_128"", ""angle"": ""110"", ""lighting"": ""10"", ""expression"": ""01"", ""dataset_metadata"": {""version"": ""HR_128"", ""angle"": ""110"", ""lighting"": ""10"", ""expression"": ""01""}}"
88,Multi-PIE::060::060_01_02_110_15_crop_128,Face\Multi_Pie_HR_128\060_01_02_110_15_crop_128.png,060,face,Multi-PIE,probe,"{""image_type"": ""HR_128"", ""angle"": ""110"", ""lighting"": ""15"", ""expression"": ""02"", ""dataset_metadata"": {""version"": ""HR_128"", ""angle"": ""110"", ""lighting"": ""15"", ""expression"": ""02""}}"
89,Multi-PIE::130::130_01_01_110_10_crop_128,Face\Multi_Pie_HR_128\130_01_01_110_10_crop_128.png,130,face,Multi-PIE,gallery,"{""image_type"": ""HR_128"", ""angle"": ""110"", ""lighting"": ""10"", ""expression"": ""01"", ""dataset_metadata"": {""version"": ""HR_128"", ""angle"": ""110"", ""lighting"": ""10"", ""expression"": ""01""}}"
90,Multi-PIE::130::130_01_02_110_03_crop_128,Face\Multi_Pie_HR_128\130_01_02_110_03_crop_128.png,130,face,Multi-PIE,gallery,"{""image_type"": ""HR_128"", ""angle"": ""110"", ""lighting"": ""03"", ""expression"": ""02"", ""dataset_metadata"": {""version"": ""HR_128"", ""angle"": ""110"", ""lighting"": ""03"", ""expression"": ""02""}}"
91,Multi-PIE::130::130_01_02_110_02_crop_128,Face\Multi_Pie_HR_128\130_01_02_110_02_crop_128.png,130,face,Multi-PIE,gallery,"{""image_type"": ""HR_128"", ""angle"": ""110"", ""lighting"": ""02"", ""expression"": ""02"", ""dataset_metadata"": {""version"": ""HR_128"", ""angle"": ""110"", ""lighting"": ""02"", ""expression"": ""02""}}"
92,Multi-PIE::130::130_01_02_110_01_crop_128,Face\Multi_Pie_HR_128\130_01_02_110_01_crop_128.png,130,face,Multi-PIE,probe,"{""image_type"": ""HR_128"", ""angle"": ""110"", ""lighting"": ""01"", ""expression"": ""02"", ""dataset_metadata"": {""version"": ""HR_128"", ""angle"": ""110"", ""lighting"": ""01"", ""expression"": ""02""}}"
93,Multi-PIE::155::155_01_01_110_12_crop_128,Face\Multi_Pie_HR_128\155_01_01_110_12_crop_128.png,155,face,Multi-PIE,gallery,"{""image_type"": ""HR_128"", ""angle"": ""110"", ""lighting"": ""12"", ""expression"": ""01"", ""dataset_metadata"": {""version"": ""HR_128"", ""angle"": ""110"", ""lighting"": ""12"", ""expression"": ""01""}}"
94,Multi-PIE::155::155_01_02_110_13_crop_128,Face\Multi_Pie_HR_128\155_01_02_110_13_crop_128.png,155,face,Multi-PIE,gallery,"{""image_type"": ""HR_128"", ""angle"": ""110"", ""lighting"": ""13"", ""expression"": ""02"", ""dataset_metadata"": {""version"": ""HR_128"", ""angle"": ""110"", ""lighting"": ""13"", ""expression"": ""02""}}"
95,Multi-PIE::155::155_01_02_110_04_crop_128,Face\Multi_Pie_HR_128\155_01_02_110_04_crop_128.png,155,face,Multi-PIE,gallery,"{""image_type"": ""HR_128"", ""angle"": ""110"", ""lighting"": ""04"", ""expression"": ""02"", ""dataset_metadata"": {""version"": ""HR_128"", ""angle"": ""110"", ""lighting"": ""04"", ""expression"": ""02""}}"
96,Multi-PIE::155::155_01_01_110_03_crop_128,Face\Multi_Pie_HR_128\155_01_01_110_03_crop_128.png,155,face,Multi-PIE,probe,"{""image_type"": ""HR_128"", ""angle"": ""110"", ""lighting"": ""03"", ""expression"": ""01"", ""dataset_metadata"": {""version"": ""HR_128"", ""angle"": ""110"", ""lighting"": ""03"", ""expression"": ""01""}}"
97,Multi-PIE::248::248_01_02_110_08_crop_128,Face\Multi_Pie_HR_128\248_01_02_110_08_crop_128.png,248,face,Multi-PIE,gallery,"{""image_type"": ""HR_128"", ""angle"": ""110"", ""lighting"": ""08"", ""expression"": ""02"", ""dataset_metadata"": {""version"": ""HR_128"", ""angle"": ""110"", ""lighting"": ""08"", ""expression"": ""02""}}"
98,Multi-PIE::248::248_01_01_110_05_crop_128,Face\Multi_Pie_HR_128\248_01_01_110_05_crop_128.png,248,face,Multi-PIE,gallery,"{""image_type"": ""HR_128"", ""angle"": ""110"", ""lighting"": ""05"", ""expression"": ""01"", ""dataset_metadata"": {""version"": ""HR_128"", ""angle"": ""110"", ""lighting"": ""05"", ""expression"": ""01""}}"
99,Multi-PIE::248::248_01_02_110_01_crop_128,Face\Multi_Pie_HR_128\248_01_02_110_01_crop_128.png,248,face,Multi-PIE,gallery,"{""image_type"": ""HR_128"", ""angle"": ""110"", ""lighting"": ""01"", ""expression"": ""02"", ""dataset_metadata"": {""version"": ""HR_128"", ""angle"": ""110"", ""lighting"": ""01"", ""expression"": ""02""}}"
100,Multi-PIE::248::248_01_02_110_13_crop_128,Face\Multi_Pie_HR_128\248_01_02_110_13_crop_128.png,248,face,Multi-PIE,probe,"{""image_type"": ""HR_128"", ""angle"": ""110"", ""lighting"": ""13"", ""expression"": ""02"", ""dataset_metadata"": {""version"": ""HR_128"", ""angle"": ""110"", ""lighting"": ""13"", ""expression"": ""02""}}"
101,Multi-PIE::144::144_01_01_110_15_crop_128,Face\Multi_Pie_HR_128\144_01_01_110_15_crop_128.png,144,face,Multi-PIE,gallery,"{""image_type"": ""HR_128"", ""angle"": ""110"", ""lighting"": ""15"", ""expression"": ""01"", ""dataset_metadata"": {""version"": ""HR_128"", ""angle"": ""110"", ""lighting"": ""15"", ""expression"": ""01""}}"
102,Multi-PIE::144::144_01_01_110_01_crop_128,Face\Multi_Pie_HR_128\144_01_01_110_01_crop_128.png,144,face,Multi-PIE,gallery,"{""image_type"": ""HR_128"", ""angle"": ""110"", ""lighting"": ""01"", ""expression"": ""01"", ""dataset_metadata"": {""version"": ""HR_128"", ""angle"": ""110"", ""lighting"": ""01"", ""expression"": ""01""}}"
103,Multi-PIE::144::144_01_01_110_05_crop_128,Face\Multi_Pie_HR_128\144_01_01_110_05_crop_128.png,144,face,Multi-PIE,gallery,"{""image_type"": ""HR_128"", ""angle"": ""110"", ""lighting"": ""05"", ""expression"": ""01"", ""dataset_metadata"": {""version"": ""HR_128"", ""angle"": ""110"", ""lighting"": ""05"", ""expression"": ""01""}}"
104,Multi-PIE::144::144_01_02_110_05_crop_128,Face\Multi_Pie_HR_128\144_01_02_110_05_crop_128.png,144,face,Multi-PIE,probe,"{""image_type"": ""HR_128"", ""angle"": ""110"", ""lighting"": ""05"", ""expression"": ""02"", ""dataset_metadata"": {""version"": ""HR_128"", ""angle"": ""110"", ""lighting"": ""05"", ""expression"": ""02""}}"
105,Multi-PIE::051::051_01_02_110_07_crop_128,Face\Multi_Pie_HR_128\051_01_02_110_07_crop_128.png,051,face,Multi-PIE,gallery,"{""image_type"": ""HR_128"", ""angle"": ""110"", ""lighting"": ""07"", ""expression"": ""02"", ""dataset_metadata"": {""version"": ""HR_128"", ""angle"": ""110"", ""lighting"": ""07"", ""expression"": ""02""}}"
106,Multi-PIE::051::051_01_01_110_11_crop_128,Face\Multi_Pie_HR_128\051_01_01_110_11_crop_128.png,051,face,Multi-PIE,gallery,"{""image_type"": ""HR_128"", ""angle"": ""110"", ""lighting"": ""11"", ""expression"": ""01"", ""dataset_metadata"": {""version"": ""HR_128"", ""angle"": ""110"", ""lighting"": ""11"", ""expression"": ""01""}}"
107,Multi-PIE::051::051_01_01_110_19_crop_128,Face\Multi_Pie_HR_128\051_01_01_110_19_crop_128.png,051,face,Multi-PIE,gallery,"{""image_type"": ""HR_128"", ""angle"": ""110"", ""lighting"": ""19"", ""expression"": ""01"", ""dataset_metadata"": {""version"": ""HR_128"", ""angle"": ""110"", ""lighting"": ""19"", ""expression"": ""01""}}"
108,Multi-PIE::051::051_01_01_110_09_crop_128,Face\Multi_Pie_HR_128\051_01_01_110_09_crop_128.png,051,face,Multi-PIE,probe,"{""image_type"": ""HR_128"", ""angle"": ""110"", ""lighting"": ""09"", ""expression"": ""01"", ""dataset_metadata"": {""version"": ""HR_128"", ""angle"": ""110"", ""lighting"": ""09"", ""expression"": ""01""}}"
109,Multi-PIE::184::184_01_02_110_15_crop_128,Face\Multi_Pie_HR_128\184_01_02_110_15_crop_128.png,184,face,Multi-PIE,gallery,"{""image_type"": ""HR_128"", ""angle"": ""110"", ""lighting"": ""15"", ""expression"": ""02"", ""dataset_metadata"": {""version"": ""HR_128"", ""angle"": ""110"", ""lighting"": ""15"", ""expression"": ""02""}}"
110,Multi-PIE::184::184_01_01_110_08_crop_128,Face\Multi_Pie_HR_128\184_01_01_110_08_crop_128.png,184,face,Multi-PIE,gallery,"{""image_type"": ""HR_128"", ""angle"": ""110"", ""lighting"": ""08"", ""expression"": ""01"", ""dataset_metadata"": {""version"": ""HR_128"", ""angle"": ""110"", ""lighting"": ""08"", ""expression"": ""01""}}"
111,Multi-PIE::184::184_01_02_110_17_crop_128,Face\Multi_Pie_HR_128\184_01_02_110_17_crop_128.png,184,face,Multi-PIE,gallery,"{""image_type"": ""HR_128"", ""angle"": ""110"", ""lighting"": ""17"", ""expression"": ""02"", ""dataset_metadata"": {""version"": ""HR_128"", ""angle"": ""110"", ""lighting"": ""17"", ""expression"": ""02""}}"
112,Multi-PIE::184::184_01_01_110_16_crop_128,Face\Multi_Pie_HR_128\184_01_01_110_16_crop_128.png,184,face,Multi-PIE,probe,"{""image_type"": ""HR_128"", ""angle"": ""110"", ""lighting"": ""16"", ""expression"": ""01"", ""dataset_metadata"": {""version"": ""HR_128"", ""angle"": ""110"", ""lighting"": ""16"", ""expression"": ""01""}}"
113,Multi-PIE::167::167_01_02_110_08_crop_128,Face\Multi_Pie_HR_128\167_01_02_110_08_crop_128.png,167,face,Multi-PIE,gallery,"{""image_type"": ""HR_128"", ""angle"": ""110"", ""lighting"": ""08"", ""expression"": ""02"", ""dataset_metadata"": {""version"": ""HR_128"", ""angle"": ""110"", ""lighting"": ""08"", ""expression"": ""02""}}"
114,Multi-PIE::167::167_01_02_110_17_crop_128,Face\Multi_Pie_HR_128\167_01_02_110_17_crop_128.png,167,face,Multi-PIE,gallery,"{""image_type"": ""HR_128"", ""angle"": ""110"", ""lighting"": ""17"", ""expression"": ""02"", ""dataset_metadata"": {""version"": ""HR_128"", ""angle"": ""110"", ""lighting"": ""17"", ""expression"": ""02""}}"
115,Multi-PIE::167::167_01_01_110_10_crop_128,Face\Multi_Pie_HR_128\167_01_01_110_10_crop_128.png,167,face,Multi-PIE,gallery,"{""image_type"": ""HR_128"", ""angle"": ""110"", ""lighting"": ""10"", ""expression"": ""01"", ""dataset_metadata"": {""version"": ""HR_128"", ""angle"": ""110"", ""lighting"": ""10"", ""expression"": ""01""}}"
116,Multi-PIE::167::167_01_02_110_02_crop_128,Face\Multi_Pie_HR_128\167_01_02_110_02_crop_128.png,167,face,Multi-PIE,probe,"{""image_type"": ""HR_128"", ""angle"": ""110"", ""lighting"": ""02"", ""expression"": ""02"", ""dataset_metadata"": {""version"": ""HR_128"", ""angle"": ""110"", ""lighting"": ""02"", ""expression"": ""02""}}"
117,Multi-PIE::180::180_01_02_110_16_crop_128,Face\Multi_Pie_HR_128\180_01_02_110_16_crop_128.png,180,face,Multi-PIE,gallery,"{""image_type"": ""HR_128"", ""angle"": ""110"", ""lighting"": ""16"", ""expression"": ""02"", ""dataset_metadata"": {""version"": ""HR_128"", ""angle"": ""110"", ""lighting"": ""16"", ""expression"": ""02""}}"
118,Multi-PIE::180::180_01_01_110_16_crop_128,Face\Multi_Pie_HR_128\180_01_01_110_16_crop_128.png,180,face,Multi-PIE,gallery,"{""image_type"": ""HR_128"", ""angle"": ""110"", ""lighting"": ""16"", ""expression"": ""01"", ""dataset_metadata"": {""version"": ""HR_128"", ""angle"": ""110"", ""lighting"": ""16"", ""expression"": ""01""}}"
119,Multi-PIE::180::180_01_02_110_07_crop_128,Face\Multi_Pie_HR_128\180_01_02_110_07_crop_128.png,180,face,Multi-PIE,gallery,"{""image_type"": ""HR_128"", ""angle"": ""110"", ""lighting"": ""07"", ""expression"": ""02"", ""dataset_metadata"": {""version"": ""HR_128"", ""angle"": ""110"", ""lighting"": ""07"", ""expression"": ""02""}}"
120,Multi-PIE::180::180_01_01_110_12_crop_128,Face\Multi_Pie_HR_128\180_01_01_110_12_crop_128.png,180,face,Multi-PIE,probe,"{""image_type"": ""HR_128"", ""angle"": ""110"", ""lighting"": ""12"", ""expression"": ""01"", ""dataset_metadata"": {""version"": ""HR_128"", ""angle"": ""110"", ""lighting"": ""12"", ""expression"": ""01""}}"
121,Multi-PIE::237::237_01_02_110_05_crop_128,Face\Multi_Pie_HR_128\237_01_02_110_05_crop_128.png,237,face,Multi-PIE,gallery,"{""image_type"": ""HR_128"", ""angle"": ""110"", ""lighting"": ""05"", ""expression"": ""02"", ""dataset_metadata"": {""version"": ""HR_128"", ""angle"": ""110"", ""lighting"": ""05"", ""expression"": ""02""}}"
122,Multi-PIE::237::237_01_02_110_00_crop_128,Face\Multi_Pie_HR_128\237_01_02_110_00_crop_128.png,237,face,Multi-PIE,gallery,"{""image_type"": ""HR_128"", ""angle"": ""110"", ""lighting"": ""00"", ""expression"": ""02"", ""dataset_metadata"": {""version"": ""HR_128"", ""angle"": ""110"", ""lighting"": ""00"", ""expression"": ""02""}}"
123,Multi-PIE::237::237_01_02_110_16_crop_128,Face\Multi_Pie_HR_128\237_01_02_110_16_crop_128.png,237,face,Multi-PIE,gallery,"{""image_type"": ""HR_128"", ""angle"": ""110"", ""lighting"": ""16"", ""expression"": ""02"", ""dataset_metadata"": {""version"": ""HR_128"", ""angle"": ""110"", ""lighting"": ""16"", ""expression"": ""02""}}"
124,Multi-PIE::237::237_01_02_110_18_crop_128,Face\Multi_Pie_HR_128\237_01_02_110_18_crop_128.png,237,face,Multi-PIE,probe,"{""image_type"": ""HR_128"", ""angle"": ""110"", ""lighting"": ""18"", ""expression"": ""02"", ""dataset_metadata"": {""version"": ""HR_128"", ""angle"": ""110"", ""lighting"": ""18"", ""expression"": ""02""}}"
125,Multi-PIE::108::108_01_02_110_11_crop_128,Face\Multi_Pie_HR_128\108_01_02_110_11_crop_128.png,108,face,Multi-PIE,gallery,"{""image_type"": ""HR_128"", ""angle"": ""110"", ""lighting"": ""11"", ""expression"": ""02"", ""dataset_metadata"": {""version"": ""HR_128"", ""angle"": ""110"", ""lighting"": ""11"", ""expression"": ""02""}}"
126,Multi-PIE::108::108_01_02_110_12_crop_128,Face\Multi_Pie_HR_128\108_01_02_110_12_crop_128.png,108,face,Multi-PIE,gallery,"{""image_type"": ""HR_128"", ""angle"": ""110"", ""lighting"": ""12"", ""expression"": ""02"", ""dataset_metadata"": {""version"": ""HR_128"", ""angle"": ""110"", ""lighting"": ""12"", ""expression"": ""02""}}"
127,Multi-PIE::108::108_01_02_110_15_crop_128,Face\Multi_Pie_HR_128\108_01_02_110_15_crop_128.png,108,face,Multi-PIE,gallery,"{""image_type"": ""HR_128"", ""angle"": ""110"", ""lighting"": ""15"", ""expression"": ""02"", ""dataset_metadata"": {""version"": ""HR_128"", ""angle"": ""110"", ""lighting"": ""15"", ""expression"": ""02""}}"
128,Multi-PIE::108::108_01_02_110_00_crop_128,Face\Multi_Pie_HR_128\108_01_02_110_00_crop_128.png,108,face,Multi-PIE,probe,"{""image_type"": ""HR_128"", ""angle"": ""110"", ""lighting"": ""00"", ""expression"": ""02"", ""dataset_metadata"": {""version"": ""HR_128"", ""angle"": ""110"", ""lighting"": ""00"", ""expression"": ""02""}}"
129,Multi-PIE::057::057_01_02_110_11_crop_128,Face\Multi_Pie_HR_128\057_01_02_110_11_crop_128.png,057,face,Multi-PIE,gallery,"{""image_type"": ""HR_128"", ""angle"": ""110"", ""lighting"": ""11"", ""expression"": ""02"", ""dataset_metadata"": {""version"": ""HR_128"", ""angle"": ""110"", ""lighting"": ""11"", ""expression"": ""02""}}"
130,Multi-PIE::057::057_01_02_110_13_crop_128,Face\Multi_Pie_HR_128\057_01_02_110_13_crop_128.png,057,face,Multi-PIE,gallery,"{""image_type"": ""HR_128"", ""angle"": ""110"", ""lighting"": ""13"", ""expression"": ""02"", ""dataset_metadata"": {""version"": ""HR_128"", ""angle"": ""110"", ""lighting"": ""13"", ""expression"": ""02""}}"
131,Multi-PIE::057::057_01_01_110_08_crop_128,Face\Multi_Pie_HR_128\057_01_01_110_08_crop_128.png,057,face,Multi-PIE,gallery,"{""image_type"": ""HR_128"", ""angle"": ""110"", ""lighting"": ""08"", ""expression"": ""01"", ""dataset_metadata"": {""version"": ""HR_128"", ""angle"": ""110"", ""lighting"": ""08"", ""expression"": ""01""}}"
132,Multi-PIE::057::057_01_02_110_17_crop_128,Face\Multi_Pie_HR_128\057_01_02_110_17_crop_128.png,057,face,Multi-PIE,probe,"{""image_type"": ""HR_128"", ""angle"": ""110"", ""lighting"": ""17"", ""expression"": ""02"", ""dataset_metadata"": {""version"": ""HR_128"", ""angle"": ""110"", ""lighting"": ""17"", ""expression"": ""02""}}"
133,Multi-PIE::115::115_01_02_110_10_crop_128,Face\Multi_Pie_HR_128\115_01_02_110_10_crop_128.png,115,face,Multi-PIE,gallery,"{""image_type"": ""HR_128"", ""angle"": ""110"", ""lighting"": ""10"", ""expression"": ""02"", ""dataset_metadata"": {""version"": ""HR_128"", ""angle"": ""110"", ""lighting"": ""10"", ""expression"": ""02""}}"
134,Multi-PIE::115::115_01_01_110_06_crop_128,Face\Multi_Pie_HR_128\115_01_01_110_06_crop_128.png,115,face,Multi-PIE,gallery,"{""image_type"": ""HR_128"", ""angle"": ""110"", ""lighting"": ""06"", ""expression"": ""01"", ""dataset_metadata"": {""version"": ""HR_128"", ""angle"": ""110"", ""lighting"": ""06"", ""expression"": ""01""}}"
135,Multi-PIE::115::115_01_02_110_04_crop_128,Face\Multi_Pie_HR_128\115_01_02_110_04_crop_128.png,115,face,Multi-PIE,gallery,"{""image_type"": ""HR_128"", ""angle"": ""110"", ""lighting"": ""04"", ""expression"": ""02"", ""dataset_metadata"": {""version"": ""HR_128"", ""angle"": ""110"", ""lighting"": ""04"", ""expression"": ""02""}}"
136,Multi-PIE::115::115_01_01_110_19_crop_128,Face\Multi_Pie_HR_128\115_01_01_110_19_crop_128.png,115,face,Multi-PIE,probe,"{""image_type"": ""HR_128"", ""angle"": ""110"", ""lighting"": ""19"", ""expression"": ""01"", ""dataset_metadata"": {""version"": ""HR_128"", ""angle"": ""110"", ""lighting"": ""19"", ""expression"": ""01""}}"
137,Multi-PIE::151::151_01_02_110_01_crop_128,Face\Multi_Pie_HR_128\151_01_02_110_01_crop_128.png,151,face,Multi-PIE,gallery,"{""image_type"": ""HR_128"", ""angle"": ""110"", ""lighting"": ""01"", ""expression"": ""02"", ""dataset_metadata"": {""version"": ""HR_128"", ""angle"": ""110"", ""lighting"": ""01"", ""expression"": ""02""}}"
138,Multi-PIE::151::151_01_02_110_13_crop_128,Face\Multi_Pie_HR_128\151_01_02_110_13_crop_128.png,151,face,Multi-PIE,gallery,"{""image_type"": ""HR_128"", ""angle"": ""110"", ""lighting"": ""13"", ""expression"": ""02"", ""dataset_metadata"": {""version"": ""HR_128"", ""angle"": ""110"", ""lighting"": ""13"", ""expression"": ""02""}}"
139,Multi-PIE::151::151_01_01_110_01_crop_128,Face\Multi_Pie_HR_128\151_01_01_110_01_crop_128.png,151,face,Multi-PIE,gallery,"{""image_type"": ""HR_128"", ""angle"": ""110"", ""lighting"": ""01"", ""expression"": ""01"", ""dataset_metadata"": {""version"": ""HR_128"", ""angle"": ""110"", ""lighting"": ""01"", ""expression"": ""01""}}"
140,Multi-PIE::151::151_01_02_110_04_crop_128,Face\Multi_Pie_HR_128\151_01_02_110_04_crop_128.png,151,face,Multi-PIE,probe,"{""image_type"": ""HR_128"", ""angle"": ""110"", ""lighting"": ""04"", ""expression"": ""02"", ""dataset_metadata"": {""version"": ""HR_128"", ""angle"": ""110"", ""lighting"": ""04"", ""expression"": ""02""}}"
141,Multi-PIE::072::072_01_01_110_02_crop_128,Face\Multi_Pie_HR_128\072_01_01_110_02_crop_128.png,072,face,Multi-PIE,gallery,"{""image_type"": ""HR_128"", ""angle"": ""110"", ""lighting"": ""02"", ""expression"": ""01"", ""dataset_metadata"": {""version"": ""HR_128"", ""angle"": ""110"", ""lighting"": ""02"", ""expression"": ""01""}}"
142,Multi-PIE::072::072_01_01_110_12_crop_128,Face\Multi_Pie_HR_128\072_01_01_110_12_crop_128.png,072,face,Multi-PIE,gallery,"{""image_type"": ""HR_128"", ""angle"": ""110"", ""lighting"": ""12"", ""expression"": ""01"", ""dataset_metadata"": {""version"": ""HR_128"", ""angle"": ""110"", ""lighting"": ""12"", ""expression"": ""01""}}"
143,Multi-PIE::072::072_01_01_110_00_crop_128,Face\Multi_Pie_HR_128\072_01_01_110_00_crop_128.png,072,face,Multi-PIE,gallery,"{""image_type"": ""HR_128"", ""angle"": ""110"", ""lighting"": ""00"", ""expression"": ""01"", ""dataset_metadata"": {""version"": ""HR_128"", ""angle"": ""110"", ""lighting"": ""00"", ""expression"": ""01""}}"
144,Multi-PIE::072::072_01_02_110_11_crop_128,Face\Multi_Pie_HR_128\072_01_02_110_11_crop_128.png,072,face,Multi-PIE,probe,"{""image_type"": ""HR_128"", ""angle"": ""110"", ""lighting"": ""11"", ""expression"": ""02"", ""dataset_metadata"": {""version"": ""HR_128"", ""angle"": ""110"", ""lighting"": ""11"", ""expression"": ""02""}}"
145,Multi-PIE::208::208_01_02_110_11_crop_128,Face\Multi_Pie_HR_128\208_01_02_110_11_crop_128.png,208,face,Multi-PIE,gallery,"{""image_type"": ""HR_128"", ""angle"": ""110"", ""lighting"": ""11"", ""expression"": ""02"", ""dataset_metadata"": {""version"": ""HR_128"", ""angle"": ""110"", ""lighting"": ""11"", ""expression"": ""02""}}"
146,Multi-PIE::208::208_01_02_110_12_crop_128,Face\Multi_Pie_HR_128\208_01_02_110_12_crop_128.png,208,face,Multi-PIE,gallery,"{""image_type"": ""HR_128"", ""angle"": ""110"", ""lighting"": ""12"", ""expression"": ""02"", ""dataset_metadata"": {""version"": ""HR_128"", ""angle"": ""110"", ""lighting"": ""12"", ""expression"": ""02""}}"
147,Multi-PIE::208::208_01_01_110_19_crop_128,Face\Multi_Pie_HR_128\208_01_01_110_19_crop_128.png,208,face,Multi-PIE,gallery,"{""image_type"": ""HR_128"", ""angle"": ""110"", ""lighting"": ""19"", ""expression"": ""01"", ""dataset_metadata"": {""version"": ""HR_128"", ""angle"": ""110"", ""lighting"": ""19"", ""expression"": ""01""}}"
148,Multi-PIE::208::208_01_01_110_16_crop_128,Face\Multi_Pie_HR_128\208_01_01_110_16_crop_128.png,208,face,Multi-PIE,probe,"{""image_type"": ""HR_128"", ""angle"": ""110"", ""lighting"": ""16"", ""expression"": ""01"", ""dataset_metadata"": {""version"": ""HR_128"", ""angle"": ""110"", ""lighting"": ""16"", ""expression"": ""01""}}"
149,Multi-PIE::002::002_01_02_110_00_crop_128,Face\Multi_Pie_HR_128\002_01_02_110_00_crop_128.png,002,face,Multi-PIE,gallery,"{""image_type"": ""HR_128"", ""angle"": ""110"", ""lighting"": ""00"", ""expression"": ""02"", ""dataset_metadata"": {""version"": ""HR_128"", ""angle"": ""110"", ""lighting"": ""00"", ""expression"": ""02""}}"
150,Multi-PIE::002::002_01_02_110_10_crop_128,Face\Multi_Pie_HR_128\002_01_02_110_10_crop_128.png,002,face,Multi-PIE,gallery,"{""image_type"": ""HR_128"", ""angle"": ""110"", ""lighting"": ""10"", ""expression"": ""02"", ""dataset_metadata"": {""version"": ""HR_128"", ""angle"": ""110"", ""lighting"": ""10"", ""expression"": ""02""}}"
151,Multi-PIE::002::002_01_02_110_05_crop_128,Face\Multi_Pie_HR_128\002_01_02_110_05_crop_128.png,002,face,Multi-PIE,gallery,"{""image_type"": ""HR_128"", ""angle"": ""110"", ""lighting"": ""05"", ""expression"": ""02"", ""dataset_metadata"": {""version"": ""HR_128"", ""angle"": ""110"", ""lighting"": ""05"", ""expression"": ""02""}}"
152,Multi-PIE::002::002_01_02_110_12_crop_128,Face\Multi_Pie_HR_128\002_01_02_110_12_crop_128.png,002,face,Multi-PIE,probe,"{""image_type"": ""HR_128"", ""angle"": ""110"", ""lighting"": ""12"", ""expression"": ""02"", ""dataset_metadata"": {""version"": ""HR_128"", ""angle"": ""110"", ""lighting"": ""12"", ""expression"": ""02""}}"
153,Multi-PIE::195::195_01_01_110_04_crop_128,Face\Multi_Pie_HR_128\195_01_01_110_04_crop_128.png,195,face,Multi-PIE,gallery,"{""image_type"": ""HR_128"", ""angle"": ""110"", ""lighting"": ""04"", ""expression"": ""01"", ""dataset_metadata"": {""version"": ""HR_128"", ""angle"": ""110"", ""lighting"": ""04"", ""expression"": ""01""}}"
154,Multi-PIE::195::195_01_02_110_01_crop_128,Face\Multi_Pie_HR_128\195_01_02_110_01_crop_128.png,195,face,Multi-PIE,gallery,"{""image_type"": ""HR_128"", ""angle"": ""110"", ""lighting"": ""01"", ""expression"": ""02"", ""dataset_metadata"": {""version"": ""HR_128"", ""angle"": ""110"", ""lighting"": ""01"", ""expression"": ""02""}}"
155,Multi-PIE::195::195_01_02_110_16_crop_128,Face\Multi_Pie_HR_128\195_01_02_110_16_crop_128.png,195,face,Multi-PIE,gallery,"{""image_type"": ""HR_128"", ""angle"": ""110"", ""lighting"": ""16"", ""expression"": ""02"", ""dataset_metadata"": {""version"": ""HR_128"", ""angle"": ""110"", ""lighting"": ""16"", ""expression"": ""02""}}"
156,Multi-PIE::195::195_01_02_110_08_crop_128,Face\Multi_Pie_HR_128\195_01_02_110_08_crop_128.png,195,face,Multi-PIE,probe,"{""image_type"": ""HR_128"", ""angle"": ""110"", ""lighting"": ""08"", ""expression"": ""02"", ""dataset_metadata"": {""version"": ""HR_128"", ""angle"": ""110"", ""lighting"": ""08"", ""expression"": ""02""}}"
157,Multi-PIE::207::207_01_01_110_00_crop_128,Face\Multi_Pie_HR_128\207_01_01_110_00_crop_128.png,207,face,Multi-PIE,gallery,"{""image_type"": ""HR_128"", ""angle"": ""110"", ""lighting"": ""00"", ""expression"": ""01"", ""dataset_metadata"": {""version"": ""HR_128"", ""angle"": ""110"", ""lighting"": ""00"", ""expression"": ""01""}}"
158,Multi-PIE::207::207_01_02_110_02_crop_128,Face\Multi_Pie_HR_128\207_01_02_110_02_crop_128.png,207,face,Multi-PIE,gallery,"{""image_type"": ""HR_128"", ""angle"": ""110"", ""lighting"": ""02"", ""expression"": ""02"", ""dataset_metadata"": {""version"": ""HR_128"", ""angle"": ""110"", ""lighting"": ""02"", ""expression"": ""02""}}"
159,Multi-PIE::207::207_01_01_110_13_crop_128,Face\Multi_Pie_HR_128\207_01_01_110_13_crop_128.png,207,face,Multi-PIE,gallery,"{""image_type"": ""HR_128"", ""angle"": ""110"", ""lighting"": ""13"", ""expression"": ""01"", ""dataset_metadata"": {""version"": ""HR_128"", ""angle"": ""110"", ""lighting"": ""13"", ""expression"": ""01""}}"
160,Multi-PIE::207::207_01_01_110_18_crop_128,Face\Multi_Pie_HR_128\207_01_01_110_18_crop_128.png,207,face,Multi-PIE,probe,"{""image_type"": ""HR_128"", ""angle"": ""110"", ""lighting"": ""18"", ""expression"": ""01"", ""dataset_metadata"": {""version"": ""HR_128"", ""angle"": ""110"", ""lighting"": ""18"", ""expression"": ""01""}}"
161,Multi-PIE::041::041_01_01_110_15_crop_128,Face\Multi_Pie_HR_128\041_01_01_110_15_crop_128.png,041,face,Multi-PIE,gallery,"{""image_type"": ""HR_128"", ""angle"": ""110"", ""lighting"": ""15"", ""expression"": ""01"", ""dataset_metadata"": {""version"": ""HR_128"", ""angle"": ""110"", ""lighting"": ""15"", ""expression"": ""01""}}"
162,Multi-PIE::041::041_01_02_110_16_crop_128,Face\Multi_Pie_HR_128\041_01_02_110_16_crop_128.png,041,face,Multi-PIE,gallery,"{""image_type"": ""HR_128"", ""angle"": ""110"", ""lighting"": ""16"", ""expression"": ""02"", ""dataset_metadata"": {""version"": ""HR_128"", ""angle"": ""110"", ""lighting"": ""16"", ""expression"": ""02""}}"
163,Multi-PIE::041::041_01_01_110_13_crop_128,Face\Multi_Pie_HR_128\041_01_01_110_13_crop_128.png,041,face,Multi-PIE,gallery,"{""image_type"": ""HR_128"", ""angle"": ""110"", ""lighting"": ""13"", ""expression"": ""01"", ""dataset_metadata"": {""version"": ""HR_128"", ""angle"": ""110"", ""lighting"": ""13"", ""expression"": ""01""}}"
164,Multi-PIE::041::041_01_01_110_08_crop_128,Face\Multi_Pie_HR_128\041_01_01_110_08_crop_128.png,041,face,Multi-PIE,probe,"{""image_type"": ""HR_128"", ""angle"": ""110"", ""lighting"": ""08"", ""expression"": ""01"", ""dataset_metadata"": {""version"": ""HR_128"", ""angle"": ""110"", ""lighting"": ""08"", ""expression"": ""01""}}"
165,Multi-PIE::179::179_01_01_110_00_crop_128,Face\Multi_Pie_HR_128\179_01_01_110_00_crop_128.png,179,face,Multi-PIE,gallery,"{""image_type"": ""HR_128"", ""angle"": ""110"", ""lighting"": ""00"", ""expression"": ""01"", ""dataset_metadata"": {""version"": ""HR_128"", ""angle"": ""110"", ""lighting"": ""00"", ""expression"": ""01""}}"
166,Multi-PIE::179::179_01_01_110_16_crop_128,Face\Multi_Pie_HR_128\179_01_01_110_16_crop_128.png,179,face,Multi-PIE,gallery,"{""image_type"": ""HR_128"", ""angle"": ""110"", ""lighting"": ""16"", ""expression"": ""01"", ""dataset_metadata"": {""version"": ""HR_128"", ""angle"": ""110"", ""lighting"": ""16"", ""expression"": ""01""}}"
167,Multi-PIE::179::179_01_01_110_06_crop_128,Face\Multi_Pie_HR_128\179_01_01_110_06_crop_128.png,179,face,Multi-PIE,gallery,"{""image_type"": ""HR_128"", ""angle"": ""110"", ""lighting"": ""06"", ""expression"": ""01"", ""dataset_metadata"": {""version"": ""HR_128"", ""angle"": ""110"", ""lighting"": ""06"", ""expression"": ""01""}}"
168,Multi-PIE::179::179_01_02_110_16_crop_128,Face\Multi_Pie_HR_128\179_01_02_110_16_crop_128.png,179,face,Multi-PIE,probe,"{""image_type"": ""HR_128"", ""angle"": ""110"", ""lighting"": ""16"", ""expression"": ""02"", ""dataset_metadata"": {""version"": ""HR_128"", ""angle"": ""110"", ""lighting"": ""16"", ""expression"": ""02""}}"
169,Multi-PIE::234::234_01_01_110_17_crop_128,Face\Multi_Pie_HR_128\234_01_01_110_17_crop_128.png,234,face,Multi-PIE,gallery,"{""image_type"": ""HR_128"", ""angle"": ""110"", ""lighting"": ""17"", ""expression"": ""01"", ""dataset_metadata"": {""version"": ""HR_128"", ""angle"": ""110"", ""lighting"": ""17"", ""expression"": ""01""}}"
170,Multi-PIE::234::234_01_01_110_03_crop_128,Face\Multi_Pie_HR_128\234_01_01_110_03_crop_128.png,234,face,Multi-PIE,gallery,"{""image_type"": ""HR_128"", ""angle"": ""110"", ""lighting"": ""03"", ""expression"": ""01"", ""dataset_metadata"": {""version"": ""HR_128"", ""angle"": ""110"", ""lighting"": ""03"", ""expression"": ""01""}}"
171,Multi-PIE::234::234_01_01_110_18_crop_128,Face\Multi_Pie_HR_128\234_01_01_110_18_crop_128.png,234,face,Multi-PIE,gallery,"{""image_type"": ""HR_128"", ""angle"": ""110"", ""lighting"": ""18"", ""expression"": ""01"", ""dataset_metadata"": {""version"": ""HR_128"", ""angle"": ""110"", ""lighting"": ""18"", ""expression"": ""01""}}"
172,Multi-PIE::234::234_01_02_110_14_crop_128,Face\Multi_Pie_HR_128\234_01_02_110_14_crop_128.png,234,face,Multi-PIE,probe,"{""image_type"": ""HR_128"", ""angle"": ""110"", ""lighting"": ""14"", ""expression"": ""02"", ""dataset_metadata"": {""version"": ""HR_128"", ""angle"": ""110"", ""lighting"": ""14"", ""expression"": ""02""}}"
173,Multi-PIE::088::088_01_02_110_01_crop_128,Face\Multi_Pie_HR_128\088_01_02_110_01_crop_128.png,088,face,Multi-PIE,gallery,"{""image_type"": ""HR_128"", ""angle"": ""110"", ""lighting"": ""01"", ""expression"": ""02"", ""dataset_metadata"": {""version"": ""HR_128"", ""angle"": ""110"", ""lighting"": ""01"", ""expression"": ""02""}}"
174,Multi-PIE::088::088_01_01_110_00_crop_128,Face\Multi_Pie_HR_128\088_01_01_110_00_crop_128.png,088,face,Multi-PIE,gallery,"{""image_type"": ""HR_128"", ""angle"": ""110"", ""lighting"": ""00"", ""expression"": ""01"", ""dataset_metadata"": {""version"": ""HR_128"", ""angle"": ""110"", ""lighting"": ""00"", ""expression"": ""01""}}"
175,Multi-PIE::088::088_01_01_110_03_crop_128,Face\Multi_Pie_HR_128\088_01_01_110_03_crop_128.png,088,face,Multi-PIE,gallery,"{""image_type"": ""HR_128"", ""angle"": ""110"", ""lighting"": ""03"", ""expression"": ""01"", ""dataset_metadata"": {""version"": ""HR_128"", ""angle"": ""110"", ""lighting"": ""03"", ""expression"": ""01""}}"
176,Multi-PIE::088::088_01_01_110_05_crop_128,Face\Multi_Pie_HR_128\088_01_01_110_05_crop_128.png,088,face,Multi-PIE,probe,"{""image_type"": ""HR_128"", ""angle"": ""110"", ""lighting"": ""05"", ""expression"": ""01"", ""dataset_metadata"": {""version"": ""HR_128"", ""angle"": ""110"", ""lighting"": ""05"", ""expression"": ""01""}}"
177,Multi-PIE::215::215_01_02_110_11_crop_128,Face\Multi_Pie_HR_128\215_01_02_110_11_crop_128.png,215,face,Multi-PIE,gallery,"{""image_type"": ""HR_128"", ""angle"": ""110"", ""lighting"": ""11"", ""expression"": ""02"", ""dataset_metadata"": {""version"": ""HR_128"", ""angle"": ""110"", ""lighting"": ""11"", ""expression"": ""02""}}"
178,Multi-PIE::215::215_01_02_110_06_crop_128,Face\Multi_Pie_HR_128\215_01_02_110_06_crop_128.png,215,face,Multi-PIE,gallery,"{""image_type"": ""HR_128"", ""angle"": ""110"", ""lighting"": ""06"", ""expression"": ""02"", ""dataset_metadata"": {""version"": ""HR_128"", ""angle"": ""110"", ""lighting"": ""06"", ""expression"": ""02""}}"
179,Multi-PIE::215::215_01_01_110_09_crop_128,Face\Multi_Pie_HR_128\215_01_01_110_09_crop_128.png,215,face,Multi-PIE,gallery,"{""image_type"": ""HR_128"", ""angle"": ""110"", ""lighting"": ""09"", ""expression"": ""01"", ""dataset_metadata"": {""version"": ""HR_128"", ""angle"": ""110"", ""lighting"": ""09"", ""expression"": ""01""}}"
180,Multi-PIE::215::215_01_02_110_18_crop_128,Face\Multi_Pie_HR_128\215_01_02_110_18_crop_128.png,215,face,Multi-PIE,probe,"{""image_type"": ""HR_128"", ""angle"": ""110"", ""lighting"": ""18"", ""expression"": ""02"", ""dataset_metadata"": {""version"": ""HR_128"", ""angle"": ""110"", ""lighting"": ""18"", ""expression"": ""02""}}"
181,Multi-PIE::040::040_01_02_110_19_crop_128,Face\Multi_Pie_HR_128\040_01_02_110_19_crop_128.png,040,face,Multi-PIE,gallery,"{""image_type"": ""HR_128"", ""angle"": ""110"", ""lighting"": ""19"", ""expression"": ""02"", ""dataset_metadata"": {""version"": ""HR_128"", ""angle"": ""110"", ""lighting"": ""19"", ""expression"": ""02""}}"
182,Multi-PIE::040::040_01_02_110_17_crop_128,Face\Multi_Pie_HR_128\040_01_02_110_17_crop_128.png,040,face,Multi-PIE,gallery,"{""image_type"": ""HR_128"", ""angle"": ""110"", ""lighting"": ""17"", ""expression"": ""02"", ""dataset_metadata"": {""version"": ""HR_128"", ""angle"": ""110"", ""lighting"": ""17"", ""expression"": ""02""}}"
183,Multi-PIE::040::040_01_01_110_02_crop_128,Face\Multi_Pie_HR_128\040_01_01_110_02_crop_128.png,040,face,Multi-PIE,gallery,"{""image_type"": ""HR_128"", ""angle"": ""110"", ""lighting"": ""02"", ""expression"": ""01"", ""dataset_metadata"": {""version"": ""HR_128"", ""angle"": ""110"", ""lighting"": ""02"", ""expression"": ""01""}}"
184,Multi-PIE::040::040_01_01_110_15_crop_128,Face\Multi_Pie_HR_128\040_01_01_110_15_crop_128.png,040,face,Multi-PIE,probe,"{""image_type"": ""HR_128"", ""angle"": ""110"", ""lighting"": ""15"", ""expression"": ""01"", ""dataset_metadata"": {""version"": ""HR_128"", ""angle"": ""110"", ""lighting"": ""15"", ""expression"": ""01""}}"
185,Multi-PIE::238::238_01_01_110_09_crop_128,Face\Multi_Pie_HR_128\238_01_01_110_09_crop_128.png,238,face,Multi-PIE,gallery,"{""image_type"": ""HR_128"", ""angle"": ""110"", ""lighting"": ""09"", ""expression"": ""01"", ""dataset_metadata"": {""version"": ""HR_128"", ""angle"": ""110"", ""lighting"": ""09"", ""expression"": ""01""}}"
186,Multi-PIE::238::238_01_01_110_06_crop_128,Face\Multi_Pie_HR_128\238_01_01_110_06_crop_128.png,238,face,Multi-PIE,gallery,"{""image_type"": ""HR_128"", ""angle"": ""110"", ""lighting"": ""06"", ""expression"": ""01"", ""dataset_metadata"": {""version"": ""HR_128"", ""angle"": ""110"", ""lighting"": ""06"", ""expression"": ""01""}}"
187,Multi-PIE::238::238_01_02_110_01_crop_128,Face\Multi_Pie_HR_128\238_01_02_110_01_crop_128.png,238,face,Multi-PIE,gallery,"{""image_type"": ""HR_128"", ""angle"": ""110"", ""lighting"": ""01"", ""expression"": ""02"", ""dataset_metadata"": {""version"": ""HR_128"", ""angle"": ""110"", ""lighting"": ""01"", ""expression"": ""02""}}"
188,Multi-PIE::238::238_01_02_110_04_crop_128,Face\Multi_Pie_HR_128\238_01_02_110_04_crop_128.png,238,face,Multi-PIE,probe,"{""image_type"": ""HR_128"", ""angle"": ""110"", ""lighting"": ""04"", ""expression"": ""02"", ""dataset_metadata"": {""version"": ""HR_128"", ""angle"": ""110"", ""lighting"": ""04"", ""expression"": ""02""}}"
189,Multi-PIE::196::196_01_02_110_04_crop_128,Face\Multi_Pie_HR_128\196_01_02_110_04_crop_128.png,196,face,Multi-PIE,gallery,"{""image_type"": ""HR_128"", ""angle"": ""110"", ""lighting"": ""04"", ""expression"": ""02"", ""dataset_metadata"": {""version"": ""HR_128"", ""angle"": ""110"", ""lighting"": ""04"", ""expression"": ""02""}}"
190,Multi-PIE::196::196_01_01_110_14_crop_128,Face\Multi_Pie_HR_128\196_01_01_110_14_crop_128.png,196,face,Multi-PIE,gallery,"{""image_type"": ""HR_128"", ""angle"": ""110"", ""lighting"": ""14"", ""expression"": ""01"", ""dataset_metadata"": {""version"": ""HR_128"", ""angle"": ""110"", ""lighting"": ""14"", ""expression"": ""01""}}"
191,Multi-PIE::196::196_01_01_110_00_crop_128,Face\Multi_Pie_HR_128\196_01_01_110_00_crop_128.png,196,face,Multi-PIE,gallery,"{""image_type"": ""HR_128"", ""angle"": ""110"", ""lighting"": ""00"", ""expression"": ""01"", ""dataset_metadata"": {""version"": ""HR_128"", ""angle"": ""110"", ""lighting"": ""00"", ""expression"": ""01""}}"
192,Multi-PIE::196::196_01_02_110_13_crop_128,Face\Multi_Pie_HR_128\196_01_02_110_13_crop_128.png,196,face,Multi-PIE,probe,"{""image_type"": ""HR_128"", ""angle"": ""110"", ""lighting"": ""13"", ""expression"": ""02"", ""dataset_metadata"": {""version"": ""HR_128"", ""angle"": ""110"", ""lighting"": ""13"", ""expression"": ""02""}}"
193,Multi-PIE::087::087_01_01_110_07_crop_128,Face\Multi_Pie_HR_128\087_01_01_110_07_crop_128.png,087,face,Multi-PIE,gallery,"{""image_type"": ""HR_128"", ""angle"": ""110"", ""lighting"": ""07"", ""expression"": ""01"", ""dataset_metadata"": {""version"": ""HR_128"", ""angle"": ""110"", ""lighting"": ""07"", ""expression"": ""01""}}"
194,Multi-PIE::087::087_01_01_110_08_crop_128,Face\Multi_Pie_HR_128\087_01_01_110_08_crop_128.png,087,face,Multi-PIE,gallery,"{""image_type"": ""HR_128"", ""angle"": ""110"", ""lighting"": ""08"", ""expression"": ""01"", ""dataset_metadata"": {""version"": ""HR_128"", ""angle"": ""110"", ""lighting"": ""08"", ""expression"": ""01""}}"
195,Multi-PIE::087::087_01_02_110_00_crop_128,Face\Multi_Pie_HR_128\087_01_02_110_00_crop_128.png,087,face,Multi-PIE,gallery,"{""image_type"": ""HR_128"", ""angle"": ""110"", ""lighting"": ""00"", ""expression"": ""02"", ""dataset_metadata"": {""version"": ""HR_128"", ""angle"": ""110"", ""lighting"": ""00"", ""expression"": ""02""}}"
196,Multi-PIE::087::087_01_02_110_06_crop_128,Face\Multi_Pie_HR_128\087_01_02_110_06_crop_128.png,087,face,Multi-PIE,probe,"{""image_type"": ""HR_128"", ""angle"": ""110"", ""lighting"": ""06"", ""expression"": ""02"", ""dataset_metadata"": {""version"": ""HR_128"", ""angle"": ""110"", ""lighting"": ""06"", ""expression"": ""02""}}"
197,Multi-PIE::241::241_01_02_110_05_crop_128,Face\Multi_Pie_HR_128\241_01_02_110_05_crop_128.png,241,face,Multi-PIE,gallery,"{""image_type"": ""HR_128"", ""angle"": ""110"", ""lighting"": ""05"", ""expression"": ""02"", ""dataset_metadata"": {""version"": ""HR_128"", ""angle"": ""110"", ""lighting"": ""05"", ""expression"": ""02""}}"
198,Multi-PIE::241::241_01_02_110_15_crop_128,Face\Multi_Pie_HR_128\241_01_02_110_15_crop_128.png,241,face,Multi-PIE,gallery,"{""image_type"": ""HR_128"", ""angle"": ""110"", ""lighting"": ""15"", ""expression"": ""02"", ""dataset_metadata"": {""version"": ""HR_128"", ""angle"": ""110"", ""lighting"": ""15"", ""expression"": ""02""}}"
199,Multi-PIE::241::241_01_01_110_13_crop_128,Face\Multi_Pie_HR_128\241_01_01_110_13_crop_128.png,241,face,Multi-PIE,gallery,"{""image_type"": ""HR_128"", ""angle"": ""110"", ""lighting"": ""13"", ""expression"": ""01"", ""dataset_metadata"": {""version"": ""HR_128"", ""angle"": ""110"", ""lighting"": ""13"", ""expression"": ""01""}}"
200,Multi-PIE::241::241_01_02_110_18_crop_128,Face\Multi_Pie_HR_128\241_01_02_110_18_crop_128.png,241,face,Multi-PIE,probe,"{""image_type"": ""HR_128"", ""angle"": ""110"", ""lighting"": ""18"", ""expression"": ""02"", ""dataset_metadata"": {""version"": ""HR_128"", ""angle"": ""110"", ""lighting"": ""18"", ""expression"": ""02""}}"
