matcher,modality,pair_id,identity1,identity2,num_keypoints_image1,num_keypoints_image2,num_matches,num_inliers,inlier_ratio,is_same_person_pred,confidence,ground_truth,is_correct,reprojection_error,timings_ms
loftr,iris,AMF-Iris_genuine_0,assem,assem,2160,2160,2160,1912,0.8852,True,0.8809,True,True,1.5961,"{""load_images"": 2.7217, ""preprocess"": 0.6013, ""masking"": 12.2826, ""inference_ms"": 761.0313, ""match_impl_total"": 765.6953, ""homography"": 3.1014, ""result_creation"": 0.1455}"
orb,iris,AMF-Iris_genuine_0,assem,assem,86,83,39,34,0.8718,True,0.8718,True,True,1.4772,"{""load_images"": 1.7985, ""preprocess"": 0.6088, ""masking"": 9.7906, ""feature_extraction_ms"": 95.9558, ""matching_ms"": 0.6609, ""match_impl_total"": 96.7068, ""homography"": 0.7654, ""result_creation"": 0.069}"
orb-fingervein,iris,AMF-Iris_genuine_0,assem,assem,3003,2804,478,384,0.8033,True,0.7961,True,True,1.6816,"{""load_images"": 1.505, ""preprocess"": 0.3656, ""masking"": 9.1776, ""feature_extraction_ms"": 34.8986, ""matching_ms"": 50.0971, ""match_impl_total"": 85.2594, ""homography"": 1.0691, ""result_creation"": 0.0687}"
sift,iris,AMF-Iris_genuine_0,assem,assem,28,32,17,13,0.7647,True,0.7469,True,True,1.8322,"{""load_images"": 1.3444, ""preprocess"": 0.2104, ""masking"": 8.8644, ""feature_extraction_ms"": 98.2065, ""matching_ms"": 0.767, ""match_impl_total"": 99.099, ""homography"": 0.8399, ""result_creation"": 0.0695}"
sift-fingervein,iris,AMF-Iris_genuine_0,assem,assem,446,419,153,126,0.8235,True,0.8135,True,True,1.7457,"{""load_images"": 1.6665, ""preprocess"": 0.5935, ""masking"": 9.3598, ""feature_extraction_ms"": 114.302, ""matching_ms"": 12.0965, ""match_impl_total"": 126.8277, ""homography"": 0.8051, ""result_creation"": 0.0652}"
superglue,iris,AMF-Iris_genuine_0,assem,assem,180,155,131,73,0.5573,True,0.5330,True,True,2.3901,"{""load_images"": 2.7785, ""preprocess"": 0.8057, ""masking"": 11.2521, ""inference_ms"": 169.7982, ""match_impl_total"": 185.7292, ""homography"": 1.8678, ""result_creation"": 0.0679}"
superglue-fingervein,iris,AMF-Iris_genuine_0,assem,assem,353,304,219,121,0.5525,True,0.5295,True,True,2.3519,"{""load_images"": 1.3743, ""preprocess"": 0.3212, ""masking"": 9.0875, ""inference_ms"": 112.2508, ""match_impl_total"": 114.8528, ""homography"": 1.9814, ""result_creation"": 0.0776}"
sgmnet,iris,AMF-Iris_genuine_0,assem,assem,1404,1440,614,288,0.4691,True,0.4659,True,True,1.6340,"{""load_images"": 1.5025, ""preprocess"": 0.2123, ""masking"": 8.0314, ""feature_extraction_ms"": 163.1773, ""matching_ms"": 177.3182, ""match_impl_total"": 341.1229, ""homography"": 5.13, ""result_creation"": 0.0707}"
sgmnet-fingervein,iris,AMF-Iris_genuine_0,assem,assem,1404,1440,679,284,0.4183,True,0.4160,True,True,1.6071,"{""load_images"": 1.7192, ""preprocess"": 0.2111, ""masking"": 8.9618, ""feature_extraction_ms"": 154.5686, ""matching_ms"": 142.6193, ""match_impl_total"": 297.8201, ""homography"": 5.4422, ""result_creation"": 0.0706}"
aspanformer,iris,AMF-Iris_genuine_0,assem,assem,3557,3557,3557,3024,0.8502,True,0.8490,True,True,1.5268,"{""load_images"": 1.4057, ""preprocess"": 0.0549, ""masking"": 9.0887, ""inference_ms"": 595.5678, ""match_impl_total"": 604.5773, ""homography"": 4.2824, ""result_creation"": 0.0805}"
deepdetect,iris,AMF-Iris_genuine_0,assem,assem,8907,8755,1596,1596,1.0000,True,1.0000,True,True,1.3001,"{""load_images"": 1.8009, ""preprocess"": 0.7645, ""masking"": 5.7762, ""cnn_inference_ms"": 49.514, ""sift_descriptor_ms"": 59.0835, ""matching_ms"": 274.7894, ""match_impl_total"": 410.0557, ""homography"": 2.1677, ""result_creation"": 0.0683}"
loftr,iris,AMF-Iris_genuine_1,abeer,abeer,2371,2371,2371,1725,0.7275,True,0.7174,True,True,1.7811,"{""load_images"": 1.7891, ""preprocess"": 0.4917, ""masking"": 7.9347, ""inference_ms"": 388.7066, ""match_impl_total"": 391.6238, ""homography"": 2.7205, ""result_creation"": 0.0679}"
orb,iris,AMF-Iris_genuine_1,abeer,abeer,275,221,29,14,0.4828,True,0.4804,True,True,1.2126,"{""load_images"": 1.3232, ""preprocess"": 0.2087, ""masking"": 8.0105, ""feature_extraction_ms"": 9.1431, ""matching_ms"": 1.4934, ""match_impl_total"": 10.7358, ""homography"": 2.9896, ""result_creation"": 0.066}"
orb-fingervein,iris,AMF-Iris_genuine_1,abeer,abeer,3918,3678,153,102,0.6667,True,0.6563,True,True,1.8125,"{""load_images"": 1.3543, ""preprocess"": 0.2261, ""masking"": 7.8802, ""feature_extraction_ms"": 38.8301, ""matching_ms"": 78.038, ""match_impl_total"": 117.0387, ""homography"": 1.3161, ""result_creation"": 0.0651}"
sift,iris,AMF-Iris_genuine_1,abeer,abeer,18,19,7,5,0.7143,True,0.6658,True,True,0.6774,"{""load_images"": 3.1142, ""preprocess"": 0.5388, ""masking"": 8.0231, ""feature_extraction_ms"": 91.617, ""matching_ms"": 0.3747, ""match_impl_total"": 92.1005, ""homography"": 0.9343, ""result_creation"": 0.0642}"
sift-fingervein,iris,AMF-Iris_genuine_1,abeer,abeer,846,744,80,52,0.6500,True,0.6257,True,True,2.2618,"{""load_images"": 1.341, ""preprocess"": 0.4852, ""masking"": 8.1314, ""feature_extraction_ms"": 116.9083, ""matching_ms"": 23.5044, ""match_impl_total"": 141.2171, ""homography"": 1.4515, ""result_creation"": 0.0681}"
superglue,iris,AMF-Iris_genuine_1,abeer,abeer,157,143,118,47,0.3983,False,0.3743,True,False,2.7414,"{""load_images"": 2.8997, ""preprocess"": 0.8477, ""masking"": 12.9924, ""inference_ms"": 98.9076, ""match_impl_total"": 104.1043, ""homography"": 5.6359, ""result_creation"": 0.0642}"
superglue-fingervein,iris,AMF-Iris_genuine_1,abeer,abeer,331,309,240,100,0.4167,True,0.3985,True,True,2.3891,"{""load_images"": 2.7053, ""preprocess"": 0.7892, ""masking"": 13.1225, ""inference_ms"": 124.2239, ""match_impl_total"": 129.9266, ""homography"": 6.7778, ""result_creation"": 0.0639}"
sgmnet,iris,AMF-Iris_genuine_1,abeer,abeer,1244,1272,519,175,0.3372,False,0.3326,True,False,1.7768,"{""load_images"": 1.378, ""preprocess"": 0.5005, ""masking"": 8.4293, ""feature_extraction_ms"": 153.996, ""matching_ms"": 144.0829, ""match_impl_total"": 298.8391, ""homography"": 11.5872, ""result_creation"": 0.069}"
sgmnet-fingervein,iris,AMF-Iris_genuine_1,abeer,abeer,1244,1272,609,164,0.2693,True,0.2645,True,True,1.8607,"{""load_images"": 2.8435, ""preprocess"": 0.806, ""masking"": 12.9824, ""feature_extraction_ms"": 177.235, ""matching_ms"": 135.099, ""match_impl_total"": 313.5248, ""homography"": 27.8821, ""result_creation"": 0.0715}"
aspanformer,iris,AMF-Iris_genuine_1,abeer,abeer,3712,3712,3712,3583,0.9652,True,0.9519,True,True,1.7793,"{""load_images"": 2.9376, ""preprocess"": 0.0566, ""masking"": 12.8373, ""inference_ms"": 579.2235, ""match_impl_total"": 589.7747, ""homography"": 5.2021, ""result_creation"": 0.0824}"
deepdetect,iris,AMF-Iris_genuine_1,abeer,abeer,8806,8651,658,608,0.9240,True,0.9240,True,True,1.5216,"{""load_images"": 1.3686, ""preprocess"": 0.6463, ""masking"": 5.7772, ""cnn_inference_ms"": 21.1892, ""sift_descriptor_ms"": 58.546, ""matching_ms"": 270.3281, ""match_impl_total"": 374.5376, ""homography"": 1.4157, ""result_creation"": 0.0734}"
loftr,iris,AMF-Iris_genuine_2,khalid,khalid,1545,1545,1545,1095,0.7087,True,0.7001,True,True,1.7440,"{""load_images"": 1.462, ""preprocess"": 0.2965, ""masking"": 8.0425, ""inference_ms"": 370.8639, ""match_impl_total"": 373.4664, ""homography"": 1.9627, ""result_creation"": 0.0739}"
orb,iris,AMF-Iris_genuine_2,khalid,khalid,34,58,3,0,,False,,True,False,,"{""load_images"": 1.3338, ""preprocess"": 0.2066, ""masking"": 7.9914, ""feature_extraction_ms"": 8.6053, ""matching_ms"": 0.2833, ""match_impl_total"": 8.9846, ""homography"": 0.0116, ""result_creation"": 0.0297}"
orb-fingervein,iris,AMF-Iris_genuine_2,khalid,khalid,2633,2599,89,50,0.5618,True,0.5511,True,True,1.8843,"{""load_images"": 1.5547, ""preprocess"": 0.2446, ""masking"": 8.0811, ""feature_extraction_ms"": 30.7337, ""matching_ms"": 55.2769, ""match_impl_total"": 86.1236, ""homography"": 1.7798, ""result_creation"": 0.0646}"
sift,iris,AMF-Iris_genuine_2,khalid,khalid,14,21,6,5,0.8333,True,0.7768,True,True,0.0000,"{""load_images"": 1.6105, ""preprocess"": 0.2044, ""masking"": 7.8022, ""feature_extraction_ms"": 91.1451, ""matching_ms"": 0.3743, ""match_impl_total"": 91.6267, ""homography"": 0.5356, ""result_creation"": 0.0635}"
sift-fingervein,iris,AMF-Iris_genuine_2,khalid,khalid,425,428,32,14,0.4375,False,0.4330,True,False,1.6055,"{""load_images"": 1.3299, ""preprocess"": 0.4924, ""masking"": 9.3692, ""feature_extraction_ms"": 118.4969, ""matching_ms"": 11.8707, ""match_impl_total"": 130.5984, ""homography"": 4.0888, ""result_creation"": 0.0664}"
superglue,iris,AMF-Iris_genuine_2,khalid,khalid,130,154,105,41,0.3905,False,0.3695,True,False,2.6042,"{""load_images"": 1.6464, ""preprocess"": 0.4952, ""masking"": 7.5945, ""inference_ms"": 90.4038, ""match_impl_total"": 93.6403, ""homography"": 6.7189, ""result_creation"": 0.0654}"
superglue-fingervein,iris,AMF-Iris_genuine_2,khalid,khalid,297,311,204,88,0.4314,True,0.4081,True,True,2.6093,"{""load_images"": 1.6882, ""preprocess"": 0.2128, ""masking"": 8.2758, ""inference_ms"": 113.1251, ""match_impl_total"": 116.2565, ""homography"": 4.4377, ""result_creation"": 0.067}"
sgmnet,iris,AMF-Iris_genuine_2,khalid,khalid,1334,1237,573,166,0.2897,False,0.2850,True,False,1.8302,"{""load_images"": 1.8243, ""preprocess"": 0.2474, ""masking"": 8.1855, ""feature_extraction_ms"": 147.8399, ""matching_ms"": 144.2358, ""match_impl_total"": 292.8894, ""homography"": 20.5753, ""result_creation"": 0.0743}"
sgmnet-fingervein,iris,AMF-Iris_genuine_2,khalid,khalid,1334,1237,638,145,0.2273,True,0.2219,True,True,1.9770,"{""load_images"": 2.8393, ""preprocess"": 0.8069, ""masking"": 12.9057, ""feature_extraction_ms"": 171.5406, ""matching_ms"": 127.3054, ""match_impl_total"": 299.9198, ""homography"": 53.9354, ""result_creation"": 0.0737}"
aspanformer,iris,AMF-Iris_genuine_2,khalid,khalid,3144,3144,3144,2620,0.8333,True,0.8154,True,True,1.9357,"{""load_images"": 1.3364, ""preprocess"": 0.0505, ""masking"": 8.5985, ""inference_ms"": 558.0283, ""match_impl_total"": 567.0678, ""homography"": 3.2005, ""result_creation"": 0.0687}"
deepdetect,iris,AMF-Iris_genuine_2,khalid,khalid,8586,8162,415,395,0.9518,True,0.9518,True,True,0.9817,"{""load_images"": 1.5027, ""preprocess"": 0.7976, ""masking"": 5.8744, ""cnn_inference_ms"": 20.6311, ""sift_descriptor_ms"": 56.523, ""matching_ms"": 258.2891, ""match_impl_total"": 358.1834, ""homography"": 1.0587, ""result_creation"": 0.0659}"
loftr,iris,AMF-Iris_genuine_3,kamal,kamal,1364,1364,1364,948,0.6950,True,0.6856,True,True,1.7731,"{""load_images"": 2.0556, ""preprocess"": 0.2144, ""masking"": 7.9652, ""inference_ms"": 362.7272, ""match_impl_total"": 365.1858, ""homography"": 1.9313, ""result_creation"": 0.0647}"
orb,iris,AMF-Iris_genuine_3,kamal,kamal,35,34,9,9,1.0000,True,0.9762,True,True,1.0803,"{""load_images"": 1.3285, ""preprocess"": 0.4887, ""masking"": 8.8899, ""feature_extraction_ms"": 8.059, ""matching_ms"": 0.2043, ""match_impl_total"": 8.3296, ""homography"": 0.6243, ""result_creation"": 0.1774}"
orb-fingervein,iris,AMF-Iris_genuine_3,kamal,kamal,1961,1802,151,74,0.4901,True,0.4753,True,True,2.1117,"{""load_images"": 1.3671, ""preprocess"": 0.2113, ""masking"": 7.6995, ""feature_extraction_ms"": 26.1322, ""matching_ms"": 22.9296, ""match_impl_total"": 49.1898, ""homography"": 2.7382, ""result_creation"": 0.0645}"
sift,iris,AMF-Iris_genuine_3,kamal,kamal,25,12,8,6,0.7500,True,0.7097,True,True,1.0765,"{""load_images"": 1.3259, ""preprocess"": 0.2097, ""masking"": 7.7237, ""feature_extraction_ms"": 95.5183, ""matching_ms"": 0.2846, ""match_impl_total"": 95.9311, ""homography"": 0.8632, ""result_creation"": 0.0647}"
sift-fingervein,iris,AMF-Iris_genuine_3,kamal,kamal,304,225,72,48,0.6667,True,0.6667,True,True,1.3776,"{""load_images"": 1.326, ""preprocess"": 0.7831, ""masking"": 8.1014, ""feature_extraction_ms"": 104.7177, ""matching_ms"": 7.2644, ""match_impl_total"": 112.289, ""homography"": 1.1415, ""result_creation"": 0.0646}"
superglue,iris,AMF-Iris_genuine_3,kamal,kamal,154,150,115,43,0.3739,False,0.3597,True,False,2.2756,"{""load_images"": 3.2139, ""preprocess"": 0.848, ""masking"": 8.0232, ""inference_ms"": 86.6008, ""match_impl_total"": 90.217, ""homography"": 7.782, ""result_creation"": 0.0631}"
superglue-fingervein,iris,AMF-Iris_genuine_3,kamal,kamal,333,332,216,108,0.5000,True,0.4740,True,True,2.5684,"{""load_images"": 2.0188, ""preprocess"": 0.4926, ""masking"": 8.3079, ""inference_ms"": 126.0762, ""match_impl_total"": 129.5537, ""homography"": 2.6851, ""result_creation"": 0.0643}"
sgmnet,iris,AMF-Iris_genuine_3,kamal,kamal,1236,1256,503,163,0.3241,False,0.3229,True,False,1.5733,"{""load_images"": 1.9855, ""preprocess"": 0.2135, ""masking"": 7.8384, ""feature_extraction_ms"": 144.1354, ""matching_ms"": 128.633, ""match_impl_total"": 273.4325, ""homography"": 13.3531, ""result_creation"": 0.0668}"
sgmnet-fingervein,iris,AMF-Iris_genuine_3,kamal,kamal,1236,1256,572,168,0.2937,True,0.2904,True,True,1.7281,"{""load_images"": 1.6892, ""preprocess"": 0.4941, ""masking"": 8.5936, ""feature_extraction_ms"": 150.6708, ""matching_ms"": 130.7256, ""match_impl_total"": 282.1785, ""homography"": 19.4472, ""result_creation"": 0.0677}"
aspanformer,iris,AMF-Iris_genuine_3,kamal,kamal,2958,2958,2958,2050,0.6930,True,0.6786,True,True,1.9208,"{""load_images"": 2.8424, ""preprocess"": 0.0516, ""masking"": 13.0339, ""inference_ms"": 550.5695, ""match_impl_total"": 561.4924, ""homography"": 3.3405, ""result_creation"": 0.0684}"
deepdetect,iris,AMF-Iris_genuine_3,kamal,kamal,7384,8864,812,764,0.9409,True,0.9409,True,True,0.4169,"{""load_images"": 3.0677, ""preprocess"": 0.9831, ""masking"": 8.2019, ""cnn_inference_ms"": 23.0161, ""sift_descriptor_ms"": 99.3217, ""matching_ms"": 249.2869, ""match_impl_total"": 397.1587, ""homography"": 1.1452, ""result_creation"": 0.0677}"
loftr,iris,AMF-Iris_genuine_4,huda,huda,2498,2498,2498,1778,0.7118,True,0.7095,True,True,1.5646,"{""load_images"": 1.6933, ""preprocess"": 0.494, ""masking"": 8.8432, ""inference_ms"": 400.2772, ""match_impl_total"": 403.3541, ""homography"": 2.5852, ""result_creation"": 0.0656}"
orb,iris,AMF-Iris_genuine_4,huda,huda,34,33,6,4,0.6667,True,0.6110,True,True,0.0000,"{""load_images"": 1.9254, ""preprocess"": 0.2192, ""masking"": 8.1487, ""feature_extraction_ms"": 8.1672, ""matching_ms"": 0.2166, ""match_impl_total"": 8.4537, ""homography"": 0.9596, ""result_creation"": 0.0636}"
orb-fingervein,iris,AMF-Iris_genuine_4,huda,huda,2729,2636,265,218,0.8226,True,0.8125,True,True,1.7482,"{""load_images"": 1.5021, ""preprocess"": 0.2605, ""masking"": 8.4853, ""feature_extraction_ms"": 31.4741, ""matching_ms"": 51.2631, ""match_impl_total"": 82.9146, ""homography"": 0.8862, ""result_creation"": 0.0653}"
sift,iris,AMF-Iris_genuine_4,huda,huda,12,16,7,5,0.7143,True,0.6658,True,True,0.7457,"{""load_images"": 1.6164, ""preprocess"": 0.2085, ""masking"": 8.3346, ""feature_extraction_ms"": 93.2604, ""matching_ms"": 0.356, ""match_impl_total"": 93.7378, ""homography"": 0.9161, ""result_creation"": 0.0639}"
sift-fingervein,iris,AMF-Iris_genuine_4,huda,huda,403,400,88,62,0.7045,True,0.6937,True,True,1.8113,"{""load_images"": 2.7677, ""preprocess"": 0.806, ""masking"": 13.6947, ""feature_extraction_ms"": 114.0296, ""matching_ms"": 11.6928, ""match_impl_total"": 125.9803, ""homography"": 1.1179, ""result_creation"": 0.0671}"
superglue,iris,AMF-Iris_genuine_4,huda,huda,138,149,101,46,0.4554,False,0.4369,True,False,2.3313,"{""load_images"": 3.3923, ""preprocess"": 0.8658, ""masking"": 9.724, ""inference_ms"": 93.9557, ""match_impl_total"": 99.164, ""homography"": 3.5277, ""result_creation"": 0.0653}"
superglue-fingervein,iris,AMF-Iris_genuine_4,huda,huda,297,307,195,108,0.5538,True,0.5271,True,True,2.4895,"{""load_images"": 2.8683, ""preprocess"": 0.8266, ""masking"": 9.7848, ""inference_ms"": 113.4047, ""match_impl_total"": 118.3094, ""homography"": 1.9583, ""result_creation"": 0.0648}"
sgmnet,iris,AMF-Iris_genuine_4,huda,huda,1522,1494,701,245,0.3495,False,0.3457,True,False,1.7164,"{""load_images"": 1.3319, ""preprocess"": 0.4896, ""masking"": 9.7152, ""feature_extraction_ms"": 157.6089, ""matching_ms"": 154.0868, ""match_impl_total"": 312.3142, ""homography"": 10.5253, ""result_creation"": 0.0679}"
sgmnet-fingervein,iris,AMF-Iris_genuine_4,huda,huda,1522,1494,808,245,0.3032,True,0.2989,True,True,1.7836,"{""load_images"": 2.0511, ""preprocess"": 0.4917, ""masking"": 8.5582, ""feature_extraction_ms"": 147.8639, ""matching_ms"": 146.5618, ""match_impl_total"": 295.1575, ""homography"": 18.5027, ""result_creation"": 0.069}"
aspanformer,iris,AMF-Iris_genuine_4,huda,huda,4346,4346,4346,4094,0.9420,True,0.9420,True,True,1.3742,"{""load_images"": 1.3835, ""preprocess"": 0.0502, ""masking"": 8.6851, ""inference_ms"": 597.4439, ""match_impl_total"": 601.2061, ""homography"": 4.2278, ""result_creation"": 0.0727}"
deepdetect,iris,AMF-Iris_genuine_4,huda,huda,7529,8724,1162,1147,0.9871,True,0.9871,True,True,0.8826,"{""load_images"": 1.3581, ""preprocess"": 0.6526, ""masking"": 6.3686, ""cnn_inference_ms"": 21.0245, ""sift_descriptor_ms"": 55.7142, ""matching_ms"": 253.3282, ""match_impl_total"": 352.4407, ""homography"": 1.6041, ""result_creation"": 0.0694}"
loftr,iris,AMF-Iris_impostor_0,ali,ahmed,153,153,153,40,0.2614,False,0.2437,False,True,2.9026,"{""load_images"": 1.4922, ""preprocess"": 0.2183, ""masking"": 8.3721, ""inference_ms"": 268.0665, ""match_impl_total"": 270.5477, ""homography"": 29.1929, ""result_creation"": 0.0645}"
orb,iris,AMF-Iris_impostor_0,ali,ahmed,3,19,0,0,,False,,False,True,,"{""load_images"": 1.3764, ""preprocess"": 0.2086, ""masking"": 8.1637, ""feature_extraction_ms"": 8.1888, ""matching_ms"": 0.1265, ""match_impl_total"": 8.3748, ""homography"": 0.0109, ""result_creation"": 0.1214}"
orb-fingervein,iris,AMF-Iris_impostor_0,ali,ahmed,2278,1838,35,7,0.2000,False,0.1917,False,True,0.7704,"{""load_images"": 1.3198, ""preprocess"": 0.2061, ""masking"": 8.1226, ""feature_extraction_ms"": 27.3171, ""matching_ms"": 37.021, ""match_impl_total"": 64.4294, ""homography"": 51.3778, ""result_creation"": 0.0659}"
sift,iris,AMF-Iris_impostor_0,ali,ahmed,12,17,1,0,,False,,False,True,,"{""load_images"": 1.6165, ""preprocess"": 0.2058, ""masking"": 7.9869, ""feature_extraction_ms"": 91.9766, ""matching_ms"": 0.2881, ""match_impl_total"": 92.3733, ""homography"": 0.0107, ""result_creation"": 0.0356}"
sift-fingervein,iris,AMF-Iris_impostor_0,ali,ahmed,342,230,12,0,,False,,False,True,,"{""load_images"": 2.7896, ""preprocess"": 0.7974, ""masking"": 13.2511, ""feature_extraction_ms"": 106.0949, ""matching_ms"": 8.2229, ""match_impl_total"": 114.5855, ""homography"": 4.8122, ""result_creation"": 0.0304}"
superglue,iris,AMF-Iris_impostor_0,ali,ahmed,138,141,32,15,0.4688,True,0.4559,False,False,1.9852,"{""load_images"": 2.7551, ""preprocess"": 0.808, ""masking"": 8.5412, ""inference_ms"": 86.3207, ""match_impl_total"": 96.153, ""homography"": 3.365, ""result_creation"": 0.0655}"
superglue-fingervein,iris,AMF-Iris_impostor_0,ali,ahmed,305,293,104,29,0.2788,True,0.2712,False,False,2.0585,"{""load_images"": 3.0954, ""preprocess"": 0.9105, ""masking"": 8.688, ""inference_ms"": 116.3715, ""match_impl_total"": 120.8883, ""homography"": 24.1579, ""result_creation"": 0.0644}"
sgmnet,iris,AMF-Iris_impostor_0,ali,ahmed,1211,1430,24,6,0.2500,False,0.2366,False,True,0.4505,"{""load_images"": 2.7755, ""preprocess"": 0.7964, ""masking"": 8.2727, ""feature_extraction_ms"": 169.7837, ""matching_ms"": 142.974, ""match_impl_total"": 313.5273, ""homography"": 34.2703, ""result_creation"": 0.0666}"
sgmnet-fingervein,iris,AMF-Iris_impostor_0,ali,ahmed,1211,1430,116,8,0.0690,False,0.0668,False,True,1.1869,"{""load_images"": 2.7417, ""preprocess"": 0.7922, ""masking"": 13.518, ""feature_extraction_ms"": 148.7237, ""matching_ms"": 129.0446, ""match_impl_total"": 278.9787, ""homography"": 51.9918, ""result_creation"": 0.0692}"
aspanformer,iris,AMF-Iris_impostor_0,ali,ahmed,166,166,166,58,0.3494,False,0.3379,False,True,2.1718,"{""load_images"": 1.4279, ""preprocess"": 0.049, ""masking"": 9.2102, ""inference_ms"": 402.9793, ""match_impl_total"": 412.5983, ""homography"": 10.0281, ""result_creation"": 0.0693}"
deepdetect,iris,AMF-Iris_impostor_0,ali,ahmed,8715,8596,14,13,0.9286,True,0.9286,False,False,0.8718,"{""load_images"": 1.4174, ""preprocess"": 0.6382, ""masking"": 6.2332, ""cnn_inference_ms"": 20.8766, ""sift_descriptor_ms"": 59.3198, ""matching_ms"": 265.5274, ""match_impl_total"": 370.1923, ""homography"": 0.674, ""result_creation"": 0.0673}"
loftr,iris,AMF-Iris_impostor_1,assem,mohamad,649,649,649,117,0.1803,False,0.1679,False,True,2.9205,"{""load_images"": 1.4043, ""preprocess"": 0.2102, ""masking"": 8.1905, ""inference_ms"": 312.4419, ""match_impl_total"": 314.8249, ""homography"": 55.1764, ""result_creation"": 0.066}"
orb,iris,AMF-Iris_impostor_1,assem,mohamad,52,114,4,0,,False,,False,True,,"{""load_images"": 1.3378, ""preprocess"": 0.4998, ""masking"": 8.4122, ""feature_extraction_ms"": 9.3392, ""matching_ms"": 0.4244, ""match_impl_total"": 9.829, ""homography"": 0.1943, ""result_creation"": 0.0298}"
orb-fingervein,iris,AMF-Iris_impostor_1,assem,mohamad,2800,3443,19,6,0.3158,False,0.2988,False,True,0.5463,"{""load_images"": 1.3801, ""preprocess"": 0.209, ""masking"": 8.1563, ""feature_extraction_ms"": 37.5513, ""matching_ms"": 67.446, ""match_impl_total"": 105.0826, ""homography"": 14.2877, ""result_creation"": 0.0654}"
sift,iris,AMF-Iris_impostor_1,assem,mohamad,26,30,6,0,,False,,False,True,,"{""load_images"": 1.3209, ""preprocess"": 0.2071, ""masking"": 8.104, ""feature_extraction_ms"": 97.7721, ""matching_ms"": 0.6843, ""match_impl_total"": 98.5713, ""homography"": 0.8501, ""result_creation"": 0.0298}"
sift-fingervein,iris,AMF-Iris_impostor_1,assem,mohamad,415,679,9,0,,False,,False,True,,"{""load_images"": 1.4991, ""preprocess"": 0.351, ""masking"": 8.0185, ""feature_extraction_ms"": 116.7223, ""matching_ms"": 14.9942, ""match_impl_total"": 132.0027, ""homography"": 3.6145, ""result_creation"": 0.0298}"
superglue,iris,AMF-Iris_impostor_1,assem,mohamad,156,143,10,6,0.6000,True,0.5677,False,False,1.1600,"{""load_images"": 1.6269, ""preprocess"": 0.2088, ""masking"": 7.9617, ""inference_ms"": 86.6457, ""match_impl_total"": 89.1017, ""homography"": 1.4684, ""result_creation"": 0.0636}"
superglue-fingervein,iris,AMF-Iris_impostor_1,assem,mohamad,311,304,79,20,0.2532,True,0.2444,False,False,2.1943,"{""load_images"": 1.5283, ""preprocess"": 0.2484, ""masking"": 8.1063, ""inference_ms"": 107.9678, ""match_impl_total"": 110.934, ""homography"": 33.1657, ""result_creation"": 0.0637}"
sgmnet,iris,AMF-Iris_impostor_1,assem,mohamad,1391,1285,56,9,0.1607,False,0.1569,False,True,0.7217,"{""load_images"": 1.3214, ""preprocess"": 0.2111, ""masking"": 7.959, ""feature_extraction_ms"": 149.1698, ""matching_ms"": 136.3417, ""match_impl_total"": 286.0412, ""homography"": 55.0678, ""result_creation"": 0.0699}"
sgmnet-fingervein,iris,AMF-Iris_impostor_1,assem,mohamad,1391,1285,196,11,0.0561,False,0.0554,False,True,0.9315,"{""load_images"": 1.358, ""preprocess"": 0.5001, ""masking"": 9.0013, ""feature_extraction_ms"": 170.1187, ""matching_ms"": 129.5746, ""match_impl_total"": 300.5486, ""homography"": 52.3461, ""result_creation"": 0.0682}"
aspanformer,iris,AMF-Iris_impostor_1,assem,mohamad,306,306,306,108,0.3529,False,0.3529,False,True,1.3211,"{""load_images"": 2.0917, ""preprocess"": 0.052, ""masking"": 8.8134, ""inference_ms"": 421.7194, ""match_impl_total"": 424.8646, ""homography"": 9.7153, ""result_creation"": 0.0676}"
deepdetect,iris,AMF-Iris_impostor_1,assem,mohamad,8025,10308,6,4,0.6667,True,0.6667,False,False,0.0000,"{""load_images"": 2.0108, ""preprocess"": 0.6186, ""masking"": 5.5014, ""cnn_inference_ms"": 20.95, ""sift_descriptor_ms"": 62.2166, ""matching_ms"": 276.5679, ""match_impl_total"": 384.7147, ""homography"": 0.8076, ""result_creation"": 0.0674}"
loftr,iris,AMF-Iris_impostor_2,kamal,anas,295,295,295,45,0.1525,False,0.1448,False,True,2.5357,"{""load_images"": 1.7159, ""preprocess"": 0.4954, ""masking"": 8.296, ""inference_ms"": 275.5269, ""match_impl_total"": 278.7247, ""homography"": 51.9146, ""result_creation"": 0.0641}"
orb,iris,AMF-Iris_impostor_2,kamal,anas,36,85,1,0,,False,,False,True,,"{""load_images"": 1.6607, ""preprocess"": 0.2073, ""masking"": 8.1932, ""feature_extraction_ms"": 8.5757, ""matching_ms"": 0.3194, ""match_impl_total"": 8.9577, ""homography"": 0.0108, ""result_creation"": 0.0287}"
orb-fingervein,iris,AMF-Iris_impostor_2,kamal,anas,2395,3385,25,7,0.2800,False,0.2683,False,True,0.5217,"{""load_images"": 1.9755, ""preprocess"": 0.2147, ""masking"": 8.5863, ""feature_extraction_ms"": 33.3676, ""matching_ms"": 41.8789, ""match_impl_total"": 75.3579, ""homography"": 22.4251, ""result_creation"": 0.073}"
sift,iris,AMF-Iris_impostor_2,kamal,anas,18,53,3,0,,False,,False,True,,"{""load_images"": 2.8147, ""preprocess"": 0.5279, ""masking"": 8.5791, ""feature_extraction_ms"": 91.9949, ""matching_ms"": 0.9033, ""match_impl_total"": 93.007, ""homography"": 0.0113, ""result_creation"": 0.0284}"
sift-fingervein,iris,AMF-Iris_impostor_2,kamal,anas,444,509,9,4,0.4444,False,0.4073,False,True,0.0000,"{""load_images"": 1.405, ""preprocess"": 0.489, ""masking"": 8.2334, ""feature_extraction_ms"": 111.9537, ""matching_ms"": 13.6036, ""match_impl_total"": 126.0753, ""homography"": 3.7402, ""result_creation"": 0.0649}"
superglue,iris,AMF-Iris_impostor_2,kamal,anas,182,181,25,8,0.3200,False,0.3098,False,True,0.8143,"{""load_images"": 2.7095, ""preprocess"": 0.7951, ""masking"": 12.9007, ""inference_ms"": 92.9964, ""match_impl_total"": 97.7726, ""homography"": 12.9507, ""result_creation"": 0.0708}"
superglue-fingervein,iris,AMF-Iris_impostor_2,kamal,anas,369,368,102,22,0.2157,True,0.2074,False,False,2.2740,"{""load_images"": 3.1136, ""preprocess"": 0.8999, ""masking"": 12.7286, ""inference_ms"": 123.9423, ""match_impl_total"": 134.9064, ""homography"": 52.0119, ""result_creation"": 0.12}"
sgmnet,iris,AMF-Iris_impostor_2,kamal,anas,1342,1314,51,8,0.1569,False,0.1519,False,True,1.2849,"{""load_images"": 1.3997, ""preprocess"": 0.5187, ""masking"": 8.463, ""feature_extraction_ms"": 163.7354, ""matching_ms"": 131.7097, ""match_impl_total"": 296.1747, ""homography"": 50.1431, ""result_creation"": 0.0667}"
sgmnet-fingervein,iris,AMF-Iris_impostor_2,kamal,anas,1342,1314,182,10,0.0549,False,0.0540,False,True,1.0301,"{""load_images"": 2.0462, ""preprocess"": 0.221, ""masking"": 8.4258, ""feature_extraction_ms"": 172.2079, ""matching_ms"": 121.0981, ""match_impl_total"": 294.1101, ""homography"": 52.6326, ""result_creation"": 0.0666}"
aspanformer,iris,AMF-Iris_impostor_2,kamal,anas,211,211,211,85,0.4028,False,0.3935,False,True,1.9709,"{""load_images"": 2.0535, ""preprocess"": 0.0519, ""masking"": 8.5252, ""inference_ms"": 403.5963, ""match_impl_total"": 406.6818, ""homography"": 5.789, ""result_creation"": 0.0659}"
deepdetect,iris,AMF-Iris_impostor_2,kamal,anas,7177,9582,18,17,0.9444,True,0.9444,False,False,0.4820,"{""load_images"": 1.4722, ""preprocess"": 0.6174, ""masking"": 6.0662, ""cnn_inference_ms"": 21.3163, ""sift_descriptor_ms"": 56.8465, ""matching_ms"": 256.0064, ""match_impl_total"": 362.7397, ""homography"": 0.6321, ""result_creation"": 0.0677}"
loftr,iris,AMF-Iris_impostor_3,khaleel,ameer,417,417,417,75,0.1799,False,0.1711,False,True,2.5005,"{""load_images"": 1.3953, ""preprocess"": 0.2119, ""masking"": 8.3165, ""inference_ms"": 298.5694, ""match_impl_total"": 300.9947, ""homography"": 52.7161, ""result_creation"": 0.0635}"
orb,iris,AMF-Iris_impostor_3,khaleel,ameer,138,39,13,0,,False,,False,True,,"{""load_images"": 1.5081, ""preprocess"": 0.286, ""masking"": 8.1574, ""feature_extraction_ms"": 8.8436, ""matching_ms"": 0.3889, ""match_impl_total"": 9.3043, ""homography"": 1.9212, ""result_creation"": 0.0299}"
orb-fingervein,iris,AMF-Iris_impostor_3,khaleel,ameer,3586,2340,45,0,,False,,False,True,,"{""load_images"": 1.6513, ""preprocess"": 0.2072, ""masking"": 8.5124, ""feature_extraction_ms"": 35.2245, ""matching_ms"": 54.0873, ""match_impl_total"": 89.4041, ""homography"": 51.3204, ""result_creation"": 0.0302}"
sift,iris,AMF-Iris_impostor_3,khaleel,ameer,47,17,8,4,0.5000,True,0.4583,False,False,0.0000,"{""load_images"": 1.9575, ""preprocess"": 0.2127, ""masking"": 8.4273, ""feature_extraction_ms"": 90.3962, ""matching_ms"": 0.5965, ""match_impl_total"": 91.1209, ""homography"": 2.389, ""result_creation"": 0.0641}"
sift-fingervein,iris,AMF-Iris_impostor_3,khaleel,ameer,603,418,16,0,,False,,False,True,,"{""load_images"": 1.3247, ""preprocess"": 0.2072, ""masking"": 9.011, ""feature_extraction_ms"": 112.3848, ""matching_ms"": 14.1334, ""match_impl_total"": 127.1005, ""homography"": 14.511, ""result_creation"": 0.03}"
superglue,iris,AMF-Iris_impostor_3,khaleel,ameer,167,131,54,15,0.2778,False,0.2707,False,True,1.9430,"{""load_images"": 3.0054, ""preprocess"": 0.7914, ""masking"": 13.1738, ""inference_ms"": 90.1835, ""match_impl_total"": 95.3584, ""homography"": 22.5467, ""result_creation"": 0.0644}"
superglue-fingervein,iris,AMF-Iris_impostor_3,khaleel,ameer,364,288,135,31,0.2296,True,0.2288,False,False,1.5684,"{""load_images"": 2.9485, ""preprocess"": 0.8167, ""masking"": 13.6224, ""inference_ms"": 114.2206, ""match_impl_total"": 119.2298, ""homography"": 48.2922, ""result_creation"": 0.074}"
sgmnet,iris,AMF-Iris_impostor_3,khaleel,ameer,1475,1542,96,11,0.1146,False,0.1131,False,True,0.7861,"{""load_images"": 2.942, ""preprocess"": 0.9419, ""masking"": 12.9252, ""feature_extraction_ms"": 170.06, ""matching_ms"": 147.136, ""match_impl_total"": 318.5322, ""homography"": 52.206, ""result_creation"": 0.0718}"
sgmnet-fingervein,iris,AMF-Iris_impostor_3,khaleel,ameer,1475,1542,190,8,0.0421,False,0.0408,False,True,1.0258,"{""load_images"": 2.0928, ""preprocess"": 0.2435, ""masking"": 9.2137, ""feature_extraction_ms"": 156.6003, ""matching_ms"": 140.993, ""match_impl_total"": 298.3204, ""homography"": 51.0853, ""result_creation"": 0.0777}"
aspanformer,iris,AMF-Iris_impostor_3,khaleel,ameer,333,333,333,157,0.4715,True,0.4715,False,False,1.3265,"{""load_images"": 1.9938, ""preprocess"": 0.0514, ""masking"": 8.2137, ""inference_ms"": 417.8099, ""match_impl_total"": 421.0331, ""homography"": 3.389, ""result_creation"": 0.0661}"
deepdetect,iris,AMF-Iris_impostor_3,khaleel,ameer,8107,7411,3,0,,False,,False,True,,"{""load_images"": 1.8815, ""preprocess"": 0.6068, ""masking"": 5.8495, ""cnn_inference_ms"": 21.1374, ""sift_descriptor_ms"": 52.9414, ""matching_ms"": 233.3301, ""match_impl_total"": 335.5897, ""homography"": 0.0123, ""result_creation"": 0.0394}"
loftr,iris,AMF-Iris_impostor_4,kamal,marwan,57,57,57,17,0.2982,False,0.2935,False,True,1.7813,"{""load_images"": 2.5491, ""preprocess"": 0.5008, ""masking"": 9.316, ""inference_ms"": 243.3228, ""match_impl_total"": 246.0022, ""homography"": 17.4555, ""result_creation"": 0.0642}"
orb,iris,AMF-Iris_impostor_4,kamal,marwan,36,45,2,0,,False,,False,True,,"{""load_images"": 1.3214, ""preprocess"": 0.2096, ""masking"": 8.2658, ""feature_extraction_ms"": 8.2589, ""matching_ms"": 0.248, ""match_impl_total"": 8.5713, ""homography"": 0.0107, ""result_creation"": 0.0293}"
orb-fingervein,iris,AMF-Iris_impostor_4,kamal,marwan,2395,1568,28,0,,False,,False,True,,"{""load_images"": 1.3117, ""preprocess"": 0.2222, ""masking"": 8.0219, ""feature_extraction_ms"": 29.2234, ""matching_ms"": 24.6284, ""match_impl_total"": 53.9379, ""homography"": 35.7393, ""result_creation"": 0.0396}"
sift,iris,AMF-Iris_impostor_4,kamal,marwan,18,7,0,0,,False,,False,True,,"{""load_images"": 1.312, ""preprocess"": 0.206, ""masking"": 8.1042, ""feature_extraction_ms"": 93.372, ""matching_ms"": 0.1672, ""match_impl_total"": 93.6525, ""homography"": 0.0115, ""result_creation"": 0.0299}"
sift-fingervein,iris,AMF-Iris_impostor_4,kamal,marwan,444,199,11,0,,False,,False,True,,"{""load_images"": 1.9961, ""preprocess"": 0.2099, ""masking"": 8.3808, ""feature_extraction_ms"": 109.4189, ""matching_ms"": 8.5107, ""match_impl_total"": 118.1957, ""homography"": 7.7912, ""result_creation"": 0.0298}"
superglue,iris,AMF-Iris_impostor_4,kamal,marwan,182,133,8,6,0.7500,True,0.7039,False,False,1.6635,"{""load_images"": 1.6121, ""preprocess"": 0.2066, ""masking"": 8.1717, ""inference_ms"": 86.5373, ""match_impl_total"": 89.1464, ""homography"": 0.9036, ""result_creation"": 0.0643}"
superglue-fingervein,iris,AMF-Iris_impostor_4,kamal,marwan,369,279,95,23,0.2421,True,0.2419,False,False,1.5158,"{""load_images"": 1.8328, ""preprocess"": 0.2983, ""masking"": 8.2482, ""inference_ms"": 111.7909, ""match_impl_total"": 114.2175, ""homography"": 38.9519, ""result_creation"": 0.0633}"
sgmnet,iris,AMF-Iris_impostor_4,kamal,marwan,1342,1697,13,6,0.4615,True,0.4367,False,False,0.7376,"{""load_images"": 1.6493, ""preprocess"": 0.2104, ""masking"": 8.0389, ""feature_extraction_ms"": 154.545, ""matching_ms"": 141.0011, ""match_impl_total"": 296.254, ""homography"": 3.3605, ""result_creation"": 0.067}"
sgmnet-fingervein,iris,AMF-Iris_impostor_4,kamal,marwan,1342,1697,157,9,0.0573,False,0.0560,False,True,0.7197,"{""load_images"": 2.352, ""preprocess"": 0.2219, ""masking"": 8.7813, ""feature_extraction_ms"": 159.141, ""matching_ms"": 138.4876, ""match_impl_total"": 298.3503, ""homography"": 50.6628, ""result_creation"": 0.0675}"
aspanformer,iris,AMF-Iris_impostor_4,kamal,marwan,57,57,57,28,0.4912,True,0.4911,False,False,1.5048,"{""load_images"": 3.016, ""preprocess"": 0.0505, ""masking"": 8.7075, ""inference_ms"": 387.4701, ""match_impl_total"": 390.8428, ""homography"": 2.9155, ""result_creation"": 0.0668}"
deepdetect,iris,AMF-Iris_impostor_4,kamal,marwan,7177,8095,9,0,,False,,False,True,,"{""load_images"": 2.049, ""preprocess"": 0.6003, ""masking"": 6.0396, ""cnn_inference_ms"": 20.7491, ""sift_descriptor_ms"": 52.8167, ""matching_ms"": 232.9566, ""match_impl_total"": 333.8073, ""homography"": 0.6045, ""result_creation"": 0.0377}"
